,chr,start_pre,end_pre,name_pre,parent_id,start_5p,end_5p,name_5p,start_3p,end_3p,name_3p
0,chr1,1167123,1167182,Hsa-Mir-8-P1a_pre,Hsa-Mir-8-P1a,,,,1167159.0,1167182.0,Hsa-Mir-8-P1a_3p
1,chr1,1167877,1167938,Hsa-Mir-8-P2a_pre,Hsa-Mir-8-P2a,,,,1167915.0,1167938.0,Hsa-Mir-8-P2a_3p
2,chr1,1169019,1169076,Hsa-Mir-8-P3a_pre,Hsa-Mir-8-P3a,,,,1169054.0,1169076.0,Hsa-Mir-8-P3a_3p
3,chr1,3560709,3560769,Hsa-Mir-551-P1_pre,Hsa-Mir-551-P1,,,,3560709.0,3560730.0,Hsa-Mir-551-P1_3p
4,chr1,9151691,9151756,Hsa-Mir-34-P1_pre,Hsa-Mir-34-P1,9151733.0,9151756.0,Hsa-Mir-34-P1_5p,,,
5,chr1,34669612,34669671,Hsa-Mir-552_pre,Hsa-Mir-552,34669649.0,34669671.0,Hsa-Mir-552_5p,,,
6,chr1,37500934,37500993,Hsa-Mir-5581_pre,Hsa-Mir-5581,37500971.0,37500993.0,Hsa-Mir-5581_5p,,,
7,chr1,40754370,40754434,Hsa-Mir-30-P1d_pre,Hsa-Mir-30-P1d,40754370.0,40754394.0,Hsa-Mir-30-P1d_5p,,,
8,chr1,40757299,40757360,Hsa-Mir-30-P2d_pre,Hsa-Mir-30-P2d,40757299.0,40757323.0,Hsa-Mir-30-P2d_5p,,,
9,chr1,65058440,65058499,Hsa-Mir-101-P1-v1_pre,Hsa-Mir-101-P1-v1,,,,65058440.0,65058462.0,Hsa-Mir-101-P1-v1_3p
10,chr1,65058441,65058498,Hsa-Mir-101-P1-v2_pre,Hsa-Mir-101-P1-v2,,,,65058441.0,65058463.0,Hsa-Mir-101-P1-v2_3p
11,chr1,71067641,71067702,Hsa-Mir-186_pre,Hsa-Mir-186,71067679.0,71067702.0,Hsa-Mir-186_5p,,,
12,chr1,93846842,93846900,Hsa-Mir-760_pre,Hsa-Mir-760,,,,93846879.0,93846900.0,Hsa-Mir-760_3p
13,chr1,98046089,98046150,Hsa-Mir-137-P1-v2_pre,Hsa-Mir-137-P1-v2,,,,98046089.0,98046112.0,Hsa-Mir-137-P1-v2_3p
14,chr1,98046090,98046149,Hsa-Mir-137-P1-v1_pre,Hsa-Mir-137-P1-v1,,,,98046090.0,98046113.0,Hsa-Mir-137-P1-v1_3p
15,chr1,109598900,109598961,Hsa-Mir-197_pre,Hsa-Mir-197,,,,109598939.0,109598961.0,Hsa-Mir-197_3p
16,chr1,116671754,116671808,Hsa-Mir-320-P2a_pre,Hsa-Mir-320-P2a,,,,116671786.0,116671808.0,Hsa-Mir-320-P2a_3p
17,chr1,154193673,154193733,Hsa-Mir-190-P3_pre,Hsa-Mir-190-P3,154193711.0,154193733.0,Hsa-Mir-190-P3_5p,,,
18,chr1,155195195,155195258,Hsa-Mir-92-P1d_pre,Hsa-Mir-92-P1d,,,,155195236.0,155195258.0,Hsa-Mir-92-P1d_3p
19,chr1,156103046,156103105,Hsa-Novel-1-v1_pre,Hsa-Novel-1-v1,,,,156103046.0,156103068.0,Hsa-Novel-1-v1_3p
20,chr1,156103046,156103105,Hsa-Novel-1-v2_pre,Hsa-Novel-1-v2,,,,156103046.0,156103067.0,Hsa-Novel-1-v2_3p
21,chr1,156420352,156420414,Hsa-Mir-9-P3_pre,Hsa-Mir-9-P3,156420391.0,156420414.0,Hsa-Mir-9-P3_5p,,,
22,chr1,162342560,162342620,Hsa-Mir-556_pre,Hsa-Mir-556,162342560.0,162342581.0,Hsa-Mir-556_5p,,,
23,chr1,171101736,171101797,Hsa-Mir-1295_pre,Hsa-Mir-1295,,,,171101736.0,171101758.0,Hsa-Mir-1295_3p
24,chr1,172138815,172138878,Hsa-Mir-214-v2_pre,Hsa-Mir-214-v2,,,,172138815.0,172138838.0,Hsa-Mir-214-v2_3p
25,chr1,172138815,172138878,Hsa-Mir-214-v1_pre,Hsa-Mir-214-v1,,,,172138815.0,172138837.0,Hsa-Mir-214-v1_3p
26,chr1,172144553,172144614,Hsa-Mir-199-P1-v3_pre,Hsa-Mir-199-P1-v3,,,,172144553.0,172144574.0,Hsa-Mir-199-P1-v3_3p
27,chr1,172144553,172144614,Hsa-Mir-199-P1-v1_pre,Hsa-Mir-199-P1-v1,,,,172144553.0,172144575.0,Hsa-Mir-199-P1-v1_3p
28,chr1,172144553,172144614,Hsa-Mir-199-P1-v2_pre,Hsa-Mir-199-P1-v2,,,,172144553.0,172144576.0,Hsa-Mir-199-P1-v2_3p
29,chr1,177029373,177029432,Hsa-Mir-488_pre,Hsa-Mir-488,,,,177029373.0,177029394.0,Hsa-Mir-488_3p
30,chr1,178677762,178677822,Hsa-Mir-4424_pre,Hsa-Mir-4424,,,,178677800.0,178677822.0,Hsa-Mir-4424_3p
31,chr1,193136512,193136573,Hsa-Mir-1278_pre,Hsa-Mir-1278,,,,193136551.0,193136573.0,Hsa-Mir-1278_3p
32,chr1,198858887,198858947,Hsa-Mir-181-P2a_pre,Hsa-Mir-181-P2a,198858923.0,198858947.0,Hsa-Mir-181-P2a_5p,,,
33,chr1,198859068,198859130,Hsa-Mir-181-P1a_pre,Hsa-Mir-181-P1a,198859107.0,198859130.0,Hsa-Mir-181-P1a_5p,,,
34,chr1,205448322,205448383,Hsa-Mir-135-P4_pre,Hsa-Mir-135-P4,205448360.0,205448383.0,Hsa-Mir-135-P4_5p,,,
35,chr1,207801864,207801922,Hsa-Mir-29-P2d_pre,Hsa-Mir-29-P2d,,,,207801864.0,207801886.0,Hsa-Mir-29-P2d_3p
36,chr1,207802449,207802514,Hsa-Mir-29-P1d-v1_pre,Hsa-Mir-29-P1d-v1,,,,207802449.0,207802472.0,Hsa-Mir-29-P1d-v1_3p
37,chr1,207802450,207802513,Hsa-Mir-29-P1d-v2_pre,Hsa-Mir-29-P1d-v2,,,,207802450.0,207802473.0,Hsa-Mir-29-P1d-v2_3p
38,chr1,209432165,209432224,Hsa-Mir-205-P4_pre,Hsa-Mir-205-P4,209432165.0,209432187.0,Hsa-Mir-205-P4_5p,,,
39,chr1,220117876,220117936,Hsa-Mir-192-P1_pre,Hsa-Mir-192-P1,220117914.0,220117936.0,Hsa-Mir-192-P1_5p,,,
40,chr1,220118169,220118227,Hsa-Mir-194-P1_pre,Hsa-Mir-194-P1,220118205.0,220118227.0,Hsa-Mir-194-P1_5p,,,
41,chr1,224257048,224257101,Hsa-Mir-320-P2b_pre,Hsa-Mir-320-P2b,,,,224257048.0,224257070.0,Hsa-Mir-320-P2b_3p
42,chr1,243346187,243346246,Hsa-Mir-4677_pre,Hsa-Mir-4677,,,,243346224.0,243346246.0,Hsa-Mir-4677_3p
43,chr2,25328650,25328710,Hsa-Mir-1301_pre,Hsa-Mir-1301,,,,25328650.0,25328674.0,Hsa-Mir-1301_3p
44,chr2,55982982,55983043,Hsa-Mir-217-v2_pre,Hsa-Mir-217-v2,55983020.0,55983043.0,Hsa-Mir-217-v2_5p,,,
45,chr2,55982983,55983042,Hsa-Mir-217-v1_pre,Hsa-Mir-217-v1,55983019.0,55983042.0,Hsa-Mir-217-v1_5p,,,
46,chr2,55988979,55989041,Hsa-Mir-216-P2b_pre,Hsa-Mir-216-P2b,55989018.0,55989041.0,Hsa-Mir-216-P2b_5p,,,
47,chr2,56000723,56000785,Hsa-Mir-216-P2a_pre,Hsa-Mir-216-P2a,56000763.0,56000785.0,Hsa-Mir-216-P2a_5p,,,
48,chr2,69103690,69103748,Hsa-Mir-3126_pre,Hsa-Mir-3126,69103690.0,69103712.0,Hsa-Mir-3126_5p,,,
49,chr2,96798287,96798345,Hsa-Mir-3127_pre,Hsa-Mir-3127,96798287.0,96798310.0,Hsa-Mir-3127_5p,,,
50,chr2,135665410,135665466,Hsa-Mir-128-P2_pre,Hsa-Mir-128-P2,,,,135665445.0,135665466.0,Hsa-Mir-128-P2_3p
51,chr2,176150328,176150390,Hsa-Mir-10-P1b-v1_pre,Hsa-Mir-10-P1b-v1,176150328.0,176150350.0,Hsa-Mir-10-P1b-v1_5p,,,
52,chr2,176150329,176150389,Hsa-Mir-10-P1b-v2_pre,Hsa-Mir-10-P1b-v2,176150329.0,176150351.0,Hsa-Mir-10-P1b-v2_5p,,,
53,chr2,188297516,188297573,Hsa-Mir-561_pre,Hsa-Mir-561,188297516.0,188297538.0,Hsa-Mir-561_5p,,,
54,chr2,207109996,207110063,Hsa-Mir-2355_pre,Hsa-Mir-2355,207110041.0,207110063.0,Hsa-Mir-2355_5p,,,
55,chr2,218402656,218402713,Hsa-Mir-26-P2_pre,Hsa-Mir-26-P2,218402656.0,218402678.0,Hsa-Mir-26-P2_5p,,,
56,chr2,219001647,219001704,Hsa-Mir-375_pre,Hsa-Mir-375,,,,219001647.0,219001669.0,Hsa-Mir-375_3p
57,chr2,219294125,219294185,Hsa-Mir-153-P2_pre,Hsa-Mir-153-P2,,,,219294125.0,219294147.0,Hsa-Mir-153-P2_3p
58,chr2,239351731,239351793,Hsa-Mir-2467_pre,Hsa-Mir-2467,239351769.0,239351793.0,Hsa-Mir-2467_5p,,,
59,chr2,240456014,240456076,Hsa-Mir-149_pre,Hsa-Mir-149,240456014.0,240456037.0,Hsa-Mir-149_5p,,,
60,chr3,10394498,10394552,Hsa-Mir-885_pre,Hsa-Mir-885,10394530.0,10394552.0,Hsa-Mir-885_5p,,,
61,chr3,35744489,35744547,Hsa-Mir-128-P1_pre,Hsa-Mir-128-P1,,,,35744526.0,35744547.0,Hsa-Mir-128-P1_3p
62,chr3,37969412,37969473,Hsa-Mir-26-P1_pre,Hsa-Mir-26-P1,37969412.0,37969434.0,Hsa-Mir-26-P1_5p,,,
63,chr3,44114233,44114294,Hsa-Mir-138-P1_pre,Hsa-Mir-138-P1,44114233.0,44114256.0,Hsa-Mir-138-P1_5p,,,
64,chr3,48316379,48316439,Hsa-Mir-2115_pre,Hsa-Mir-2115,,,,48316379.0,48316402.0,Hsa-Mir-2115_3p
65,chr3,49020158,49020221,Hsa-Mir-425_pre,Hsa-Mir-425,49020196.0,49020221.0,Hsa-Mir-425_5p,,,
66,chr3,49020630,49020694,Hsa-Mir-191_pre,Hsa-Mir-191,49020671.0,49020694.0,Hsa-Mir-191_5p,,,
67,chr3,52268279,52268357,Hsa-Let-7-P2c3_pre,Hsa-Let-7-P2c3,52268335.0,52268357.0,Hsa-Let-7-P2c3_5p,,,
68,chr3,52294232,52294292,Hsa-Mir-135-P1_pre,Hsa-Mir-135-P1,52294269.0,52294292.0,Hsa-Mir-135-P1_5p,,,
69,chr3,69048964,69049026,Hsa-Mir-3136_pre,Hsa-Mir-3136,69049003.0,69049026.0,Hsa-Mir-3136_5p,,,
70,chr3,120084574,120084635,Hsa-Mir-6529_pre,Hsa-Mir-6529,120084614.0,120084635.0,Hsa-Mir-6529_5p,,,
71,chr3,160404606,160404666,Hsa-Mir-15-P1b_pre,Hsa-Mir-15-P1b,160404606.0,160404628.0,Hsa-Mir-15-P1b_5p,,,
72,chr3,160404753,160404818,Hsa-Mir-15-P2b_pre,Hsa-Mir-15-P2b,160404753.0,160404776.0,Hsa-Mir-15-P2b_5p,,,
73,chr3,168551874,168551934,Hsa-Mir-551-P2_pre,Hsa-Mir-551-P2,,,,168551913.0,168551934.0,Hsa-Mir-551-P2_3p
74,chr3,188688793,188688855,Hsa-Mir-28-P1_pre,Hsa-Mir-28-P1,188688793.0,188688815.0,Hsa-Mir-28-P1_5p,,,
75,chr3,189829936,189829996,Hsa-Mir-944_pre,Hsa-Mir-944,,,,189829974.0,189829996.0,Hsa-Mir-944_3p
76,chr4,8005311,8005368,Hsa-Mir-95-P1_pre,Hsa-Mir-95-P1,,,,8005311.0,8005333.0,Hsa-Mir-95-P1_3p
77,chr4,10078619,10078681,Hsa-Mir-3138_pre,Hsa-Mir-3138,,,,10078619.0,10078640.0,Hsa-Mir-3138_3p
78,chr4,20528298,20528362,Hsa-Mir-218-P2_pre,Hsa-Mir-218-P2,20528298.0,20528319.0,Hsa-Mir-218-P2_5p,,,
79,chr4,38868055,38868113,Hsa-Mir-574_pre,Hsa-Mir-574,,,,38868091.0,38868113.0,Hsa-Mir-574_3p
80,chr4,66276847,66276911,Hsa-Mir-1269_pre,Hsa-Mir-1269,,,,66276889.0,66276911.0,Hsa-Mir-1269_3p
81,chr4,75973881,75973940,Hsa-Novel-2_pre,Hsa-Novel-2,75973917.0,75973940.0,Hsa-Novel-2_5p,,,
82,chr4,109488712,109488774,Hsa-Mir-576_pre,Hsa-Mir-576,109488712.0,109488735.0,Hsa-Mir-576_5p,,,
83,chr4,112647876,112647936,Hsa-Mir-92-P2a_pre,Hsa-Mir-92-P2a,,,,112647876.0,112647898.0,Hsa-Mir-92-P2a_3p
84,chr4,112648005,112648066,Hsa-Mir-430-P4_pre,Hsa-Mir-430-P4,,,,112648005.0,112648028.0,Hsa-Mir-430-P4_3p
85,chr4,112648185,112648246,Hsa-Mir-430-P3_pre,Hsa-Mir-430-P3,,,,112648185.0,112648208.0,Hsa-Mir-430-P3_3p
86,chr4,112648365,112648425,Hsa-Mir-430-P2_pre,Hsa-Mir-430-P2,,,,112648365.0,112648388.0,Hsa-Mir-430-P2_3p
87,chr4,112648488,112648547,Hsa-Mir-430-P1_pre,Hsa-Mir-430-P1,,,,112648488.0,112648511.0,Hsa-Mir-430-P1_3p
88,chr4,114656772,114656831,Hsa-Mir-577_pre,Hsa-Mir-577,114656772.0,114656794.0,Hsa-Mir-577_5p,,,
89,chr4,152489336,152489405,Hsa-Mir-3140_pre,Hsa-Mir-3140,,,,152489336.0,152489357.0,Hsa-Mir-3140_3p
90,chr5,14825931,14826007,Hsa-Mir-4637_pre,Hsa-Mir-4637,,,,14825931.0,14825953.0,Hsa-Mir-4637_3p
91,chr5,15935188,15935253,Hsa-Mir-887_pre,Hsa-Mir-887,15935188.0,15935211.0,Hsa-Mir-887_5p,,,
92,chr5,32394391,32394451,Hsa-Mir-579_pre,Hsa-Mir-579,,,,32394391.0,32394414.0,Hsa-Mir-579_3p
93,chr5,36147906,36147967,Hsa-Mir-580_pre,Hsa-Mir-580,,,,36147906.0,36147928.0,Hsa-Mir-580_3p
94,chr5,55170545,55170607,Hsa-Mir-34-P3c_pre,Hsa-Mir-34-P3c,55170585.0,55170607.0,Hsa-Mir-34-P3c_5p,,,
95,chr5,55170667,55170727,Hsa-Mir-34-P3b_pre,Hsa-Mir-34-P3b,55170701.0,55170727.0,Hsa-Mir-34-P3b_5p,,,
96,chr5,55172277,55172337,Hsa-Mir-34-P3a-v2_pre,Hsa-Mir-34-P3a-v2,55172311.0,55172337.0,Hsa-Mir-34-P3a-v2_5p,,,
97,chr5,55172278,55172336,Hsa-Mir-34-P3a-v1_pre,Hsa-Mir-34-P3a-v1,55172311.0,55172336.0,Hsa-Mir-34-P3a-v1_5p,,,
98,chr5,55508858,55508916,Hsa-Mir-5687_pre,Hsa-Mir-5687,55508894.0,55508916.0,Hsa-Mir-5687_5p,,,
99,chr5,59703628,59703688,Hsa-Mir-582-v1_pre,Hsa-Mir-582-v1,59703666.0,59703688.0,Hsa-Mir-582-v1_5p,,,
100,chr5,59703629,59703687,Hsa-Mir-582-v2_pre,Hsa-Mir-582-v2,59703665.0,59703687.0,Hsa-Mir-582-v2_5p,,,
101,chr5,88666864,88666924,Hsa-Mir-9-P2_pre,Hsa-Mir-9-P2,88666901.0,88666924.0,Hsa-Mir-9-P2_5p,,,
102,chr5,137647580,137647640,Hsa-Mir-874_pre,Hsa-Mir-874,,,,137647580.0,137647603.0,Hsa-Mir-874_3p
103,chr5,149062332,149062394,Hsa-Mir-584_pre,Hsa-Mir-584,149062373.0,149062394.0,Hsa-Mir-584_5p,,,
104,chr5,149428943,149428998,Hsa-Mir-143_pre,Hsa-Mir-143,,,,149428977.0,149428998.0,Hsa-Mir-143_3p
105,chr5,149430660,149430720,Hsa-Mir-145_pre,Hsa-Mir-145,149430660.0,149430683.0,Hsa-Mir-145_5p,,,
106,chr5,149732828,149732888,Hsa-Mir-378_pre,Hsa-Mir-378,,,,149732866.0,149732888.0,Hsa-Mir-378_3p
107,chr5,154347152,154347211,Hsa-Mir-1294_pre,Hsa-Mir-1294,154347152.0,154347174.0,Hsa-Mir-1294_5p,,,
108,chr5,160485371,160485428,Hsa-Mir-146-P4_pre,Hsa-Mir-146-P4,160485371.0,160485393.0,Hsa-Mir-146-P4_5p,,,
109,chr5,168560903,168560963,Hsa-Mir-103-P4_pre,Hsa-Mir-103-P4,,,,168560903.0,168560926.0,Hsa-Mir-103-P4_3p
110,chr5,168768167,168768231,Hsa-Mir-218-P4_pre,Hsa-Mir-218-P4,168768210.0,168768231.0,Hsa-Mir-218-P4_5p,,,
111,chr5,169263612,169263670,Hsa-Mir-585_pre,Hsa-Mir-585,,,,169263612.0,169263634.0,Hsa-Mir-585_3p
112,chr5,176367959,176368017,Hsa-Mir-1271_pre,Hsa-Mir-1271,176367959.0,176367981.0,Hsa-Mir-1271_5p,,,
113,chr5,180015317,180015382,Hsa-Mir-340_pre,Hsa-Mir-340,180015360.0,180015382.0,Hsa-Mir-340_5p,,,
114,chr6,6169342,6169402,Hsa-Mir-5683_pre,Hsa-Mir-5683,6169342.0,6169366.0,Hsa-Mir-5683_5p,,,
115,chr6,30584331,30584417,Hsa-Mir-877_pre,Hsa-Mir-877,30584331.0,30584355.0,Hsa-Mir-877_5p,,,
116,chr6,33207854,33207917,Hsa-Mir-219-P3_pre,Hsa-Mir-219-P3,,,,33207895.0,33207917.0,Hsa-Mir-219-P3_3p
117,chr6,33698151,33698212,Hsa-Mir-3934_pre,Hsa-Mir-3934,33698151.0,33698174.0,Hsa-Mir-3934_5p,,,
118,chr6,52144362,52144422,Hsa-Mir-1-P2_pre,Hsa-Mir-1-P2,,,,52144400.0,52144422.0,Hsa-Mir-1-P2_3p
119,chr6,52148950,52149009,Hsa-Mir-133-P2-v1_pre,Hsa-Mir-133-P2-v1,,,,52148987.0,52149009.0,Hsa-Mir-133-P2-v1_3p
120,chr6,52148950,52149009,Hsa-Mir-133-P2-v2_pre,Hsa-Mir-133-P2-v2,,,,52148988.0,52149009.0,Hsa-Mir-133-P2-v2_3p
121,chr6,71376963,71377025,Hsa-Mir-30-P2b_pre,Hsa-Mir-30-P2b,71377001.0,71377025.0,Hsa-Mir-30-P2b_5p,,,
122,chr6,71403553,71403616,Hsa-Mir-30-P1b_pre,Hsa-Mir-30-P1b,71403592.0,71403616.0,Hsa-Mir-30-P1b_5p,,,
123,chr6,120015189,120015247,Hsa-Mir-3144-v1_pre,Hsa-Mir-3144-v1,120015189.0,120015211.0,Hsa-Mir-3144-v1_5p,,,
124,chr6,120015190,120015247,Hsa-Mir-3144-v2_pre,Hsa-Mir-3144-v2,120015190.0,120015211.0,Hsa-Mir-3144-v2_5p,,,
125,chr6,138435221,138435283,Hsa-Mir-3145_pre,Hsa-Mir-3145,,,,138435221.0,138435246.0,Hsa-Mir-3145_3p
126,chr6,166509363,166509422,Hsa-Mir-1913_pre,Hsa-Mir-1913,166509400.0,166509422.0,Hsa-Mir-1913_5p,,,
127,chr7,1022954,1023012,Hsa-Mir-339_pre,Hsa-Mir-339,1022989.0,1023012.0,Hsa-Mir-339_5p,,,
128,chr7,5495833,5495894,Hsa-Mir-589_pre,Hsa-Mir-589,5495871.0,5495894.0,Hsa-Mir-589_5p,,,
129,chr7,19705364,19705427,Hsa-Mir-3146_pre,Hsa-Mir-3146,,,,19705364.0,19705387.0,Hsa-Mir-3146_3p
130,chr7,25949921,25949981,Hsa-Mir-148-P1_pre,Hsa-Mir-148-P1,,,,25949921.0,25949943.0,Hsa-Mir-148-P1_3p
131,chr7,27169491,27169549,Hsa-Mir-196-P1_pre,Hsa-Mir-196-P1,27169526.0,27169549.0,Hsa-Mir-196-P1_5p,,,
132,chr7,29680746,29680808,Hsa-Mir-550-P2a_pre,Hsa-Mir-550-P2a,,,,29680746.0,29680769.0,Hsa-Mir-550-P2a_3p
133,chr7,30289814,30289876,Hsa-Mir-550-P1_pre,Hsa-Mir-550-P1,,,,30289853.0,30289876.0,Hsa-Mir-550-P1_3p
134,chr7,32733001,32733063,Hsa-Mir-550-P2b_pre,Hsa-Mir-550-P2b,,,,32733040.0,32733063.0,Hsa-Mir-550-P2b_3p
135,chr7,74191212,74191273,Hsa-Mir-590_pre,Hsa-Mir-590,,,,74191252.0,74191273.0,Hsa-Mir-590_3p
136,chr7,93482783,93482840,Hsa-Mir-653_pre,Hsa-Mir-653,,,,93482783.0,93482805.0,Hsa-Mir-653_3p
137,chr7,93483945,93484007,Hsa-Mir-489-v2_pre,Hsa-Mir-489-v2,,,,93483945.0,93483967.0,Hsa-Mir-489-v2_3p
138,chr7,93483946,93484006,Hsa-Mir-489-v1_pre,Hsa-Mir-489-v1,,,,93483946.0,93483968.0,Hsa-Mir-489-v1_3p
139,chr7,100093570,100093630,Hsa-Mir-92-P2d_pre,Hsa-Mir-92-P2d,,,,100093570.0,100093592.0,Hsa-Mir-92-P2d_3p
140,chr7,100093775,100093837,Hsa-Mir-17-P4d_pre,Hsa-Mir-17-P4d,100093814.0,100093837.0,Hsa-Mir-17-P4d_5p,,,
141,chr7,100094001,100094063,Hsa-Mir-17-P1d_pre,Hsa-Mir-17-P1d,100094042.0,100094063.0,Hsa-Mir-17-P1d_5p,,,
142,chr7,127058108,127058169,Hsa-Mir-592_pre,Hsa-Mir-592,127058147.0,127058169.0,Hsa-Mir-592_5p,,,
143,chr7,128207875,128207941,Hsa-Mir-129-P2_pre,Hsa-Mir-129-P2,128207875.0,128207896.0,Hsa-Mir-129-P2_5p,,,
144,chr7,129770405,129770470,Hsa-Mir-96-P2_pre,Hsa-Mir-96-P2,129770446.0,129770470.0,Hsa-Mir-96-P2_5p,,,
145,chr7,129774697,129774761,Hsa-Mir-96-P1_pre,Hsa-Mir-96-P1,129774738.0,129774761.0,Hsa-Mir-96-P1_5p,,,
146,chr7,129774926,129774988,Hsa-Mir-96-P3-v1_pre,Hsa-Mir-96-P3-v1,129774966.0,129774988.0,Hsa-Mir-96-P3-v1_5p,,,
147,chr7,129774927,129774987,Hsa-Mir-96-P3-v2_pre,Hsa-Mir-96-P3-v2,129774965.0,129774987.0,Hsa-Mir-96-P3-v2_5p,,,
148,chr7,130496125,130496183,Hsa-Mir-335_pre,Hsa-Mir-335,130496125.0,130496147.0,Hsa-Mir-335_5p,,,
149,chr7,130876747,130876807,Hsa-Mir-29-P2b_pre,Hsa-Mir-29-P2b,,,,130876747.0,130876769.0,Hsa-Mir-29-P2b_3p
150,chr7,130877466,130877530,Hsa-Mir-29-P1b-v1_pre,Hsa-Mir-29-P1b-v1,,,,130877466.0,130877489.0,Hsa-Mir-29-P1b-v1_3p
151,chr7,130877467,130877529,Hsa-Mir-29-P1b-v2_pre,Hsa-Mir-29-P1b-v2,,,,130877467.0,130877490.0,Hsa-Mir-29-P1b-v2_3p
152,chr7,136903204,136903264,Hsa-Mir-490_pre,Hsa-Mir-490,136903204.0,136903224.0,Hsa-Mir-490_5p,,,
153,chr7,151238448,151238508,Hsa-Mir-671_pre,Hsa-Mir-671,151238448.0,151238472.0,Hsa-Mir-671_5p,,,
154,chr7,157574348,157574409,Hsa-Mir-153-P1_pre,Hsa-Mir-153-P1,,,,157574348.0,157574370.0,Hsa-Mir-153-P1_3p
155,chr8,9903398,9903459,Hsa-Mir-124-P2-v1_pre,Hsa-Mir-124-P2-v1,,,,9903398.0,9903420.0,Hsa-Mir-124-P2-v1_3p
156,chr8,9903399,9903459,Hsa-Mir-124-P2-v2_pre,Hsa-Mir-124-P2-v2,,,,9903399.0,9903421.0,Hsa-Mir-124-P2-v2_3p
157,chr8,11035220,11035279,Hsa-Mir-598_pre,Hsa-Mir-598,,,,11035220.0,11035242.0,Hsa-Mir-598_3p
158,chr8,14853442,14853505,Hsa-Mir-383-v2_pre,Hsa-Mir-383-v2,14853482.0,14853505.0,Hsa-Mir-383-v2_5p,,,
159,chr8,14853442,14853504,Hsa-Mir-383-v1_pre,Hsa-Mir-383-v1,14853482.0,14853504.0,Hsa-Mir-383-v1_5p,,,
160,chr8,22244974,22245028,Hsa-Mir-320-P1_pre,Hsa-Mir-320-P1,,,,22244974.0,22244996.0,Hsa-Mir-320-P1_3p
161,chr8,27701689,27701748,Hsa-Mir-3622_pre,Hsa-Mir-3622,27701689.0,27701711.0,Hsa-Mir-3622_5p,,,
162,chr8,41660441,41660505,Hsa-Mir-486_pre,Hsa-Mir-486,41660483.0,41660505.0,Hsa-Mir-486_5p,,,
163,chr8,64379172,64379231,Hsa-Mir-124-P1-v1_pre,Hsa-Mir-124-P1-v1,,,,64379209.0,64379231.0,Hsa-Mir-124-P1-v1_3p
164,chr8,64379172,64379230,Hsa-Mir-124-P1-v2_pre,Hsa-Mir-124-P1-v2,,,,64379208.0,64379230.0,Hsa-Mir-124-P1-v2_3p
165,chr8,91205493,91205552,Hsa-Mir-4661_pre,Hsa-Mir-4661,91205493.0,91205515.0,Hsa-Mir-4661_5p,,,
166,chr8,99536648,99536707,Hsa-Mir-599_pre,Hsa-Mir-599,99536685.0,99536707.0,Hsa-Mir-599_5p,,,
167,chr8,99536795,99536851,Hsa-Mir-875_pre,Hsa-Mir-875,99536829.0,99536851.0,Hsa-Mir-875_5p,,,
168,chr8,124821989,124822048,Hsa-Mir-4662_pre,Hsa-Mir-4662,124821989.0,124822011.0,Hsa-Mir-4662_5p,,,
169,chr8,134800531,134800591,Hsa-Mir-30-P2a_pre,Hsa-Mir-30-P2a,134800569.0,134800591.0,Hsa-Mir-30-P2a_5p,,,
170,chr8,134804878,134804940,Hsa-Mir-30-P1a_pre,Hsa-Mir-30-P1a,134804916.0,134804940.0,Hsa-Mir-30-P1a_5p,,,
171,chr8,140732586,140732643,Hsa-Mir-28-P2_pre,Hsa-Mir-28-P2,140732621.0,140732643.0,Hsa-Mir-28-P2_5p,,,
172,chr8,143733088,143733144,Hsa-Mir-4664_pre,Hsa-Mir-4664,143733122.0,143733144.0,Hsa-Mir-4664_5p,,,
173,chr9,4850307,4850366,Hsa-Mir-101-P2-v1_pre,Hsa-Mir-101-P2-v1,,,,4850344.0,4850366.0,Hsa-Mir-101-P2-v1_3p
174,chr9,4850308,4850365,Hsa-Mir-101-P2-v2_pre,Hsa-Mir-101-P2-v2,,,,4850343.0,4850365.0,Hsa-Mir-101-P2-v2_3p
175,chr9,20716119,20716175,Hsa-Mir-491_pre,Hsa-Mir-491,20716119.0,20716142.0,Hsa-Mir-491_5p,,,
176,chr9,21512119,21512178,Hsa-Mir-31_pre,Hsa-Mir-31,21512155.0,21512178.0,Hsa-Mir-31_5p,,,
177,chr9,28863635,28863694,Hsa-Mir-876_pre,Hsa-Mir-876,,,,28863635.0,28863657.0,Hsa-Mir-876_3p
178,chr9,28888887,28888946,Hsa-Mir-873-v1_pre,Hsa-Mir-873-v1,28888924.0,28888946.0,Hsa-Mir-873-v1_5p,,,
179,chr9,28888888,28888945,Hsa-Mir-873-v2_pre,Hsa-Mir-873-v2,28888923.0,28888945.0,Hsa-Mir-873-v2_5p,,,
180,chr9,32456302,32456370,Hsa-Novel-3_pre,Hsa-Novel-3,32456348.0,32456370.0,Hsa-Novel-3_5p,,,
181,chr9,70809992,70810052,Hsa-Mir-204-P2_pre,Hsa-Mir-204-P2,70810030.0,70810052.0,Hsa-Mir-204-P2_5p,,,
182,chr9,83969770,83969834,Hsa-Mir-7-P2_pre,Hsa-Mir-7-P2,83969810.0,83969834.0,Hsa-Mir-7-P2_5p,,,
183,chr9,94175961,94176033,Hsa-Let-7-P2a1_pre,Hsa-Let-7-P2a1,94175961.0,94175983.0,Hsa-Let-7-P2a1_5p,,,
184,chr9,94176352,94176429,Hsa-Let-7-P2b1_pre,Hsa-Let-7-P2b1,94176352.0,94176374.0,Hsa-Let-7-P2b1_5p,,,
185,chr9,94178840,94178915,Hsa-Let-7-P2c1_pre,Hsa-Let-7-P2c1,94178840.0,94178862.0,Hsa-Let-7-P2c1_5p,,,
186,chr9,95085226,95085287,Hsa-Mir-23-P2_pre,Hsa-Mir-23-P2,,,,95085264.0,95085287.0,Hsa-Mir-23-P2_3p
187,chr9,95085462,95085525,Hsa-Mir-27-P2_pre,Hsa-Mir-27-P2,,,,95085504.0,95085525.0,Hsa-Mir-27-P2_3p
188,chr9,95086025,95086085,Hsa-Mir-24-P2_pre,Hsa-Mir-24-P2,,,,95086063.0,95086085.0,Hsa-Mir-24-P2_3p
189,chr9,109046231,109046293,Hsa-Mir-32_pre,Hsa-Mir-32,109046271.0,109046293.0,Hsa-Mir-32_5p,,,
190,chr9,114209448,114209506,Hsa-Mir-455_pre,Hsa-Mir-455,114209448.0,114209470.0,Hsa-Mir-455_5p,,,
191,chr9,124692479,124692539,Hsa-Mir-181-P1b_pre,Hsa-Mir-181-P1b,124692479.0,124692502.0,Hsa-Mir-181-P1b_5p,,,
192,chr9,124693724,124693784,Hsa-Mir-181-P2b_pre,Hsa-Mir-181-P2b,124693724.0,124693748.0,Hsa-Mir-181-P2b_5p,,,
193,chr9,128244744,128244805,Hsa-Mir-199-P2-v3_pre,Hsa-Mir-199-P2-v3,,,,128244744.0,128244765.0,Hsa-Mir-199-P2-v3_3p
194,chr9,128244744,128244805,Hsa-Mir-199-P2-v1_pre,Hsa-Mir-199-P2-v1,,,,128244744.0,128244766.0,Hsa-Mir-199-P2-v1_3p
195,chr9,128244744,128244805,Hsa-Mir-199-P2-v2_pre,Hsa-Mir-199-P2-v2,,,,128244744.0,128244767.0,Hsa-Mir-199-P2-v2_3p
196,chr9,128392631,128392696,Hsa-Mir-219-P2_pre,Hsa-Mir-219-P2,128392673.0,128392696.0,Hsa-Mir-219-P2_5p,,,
197,chr9,128392633,128392698,Hsa-Mir-219-P2-as_pre,Hsa-Mir-219-P2-as,128392633.0,128392655.0,Hsa-Mir-219-P2-as_5p,,,
198,chr9,136670615,136670674,Hsa-Mir-126-P2-v2_pre,Hsa-Mir-126-P2-v2,136670615.0,136670636.0,Hsa-Mir-126-P2-v2_5p,,,
199,chr9,136670615,136670674,Hsa-Mir-126-P2-v1_pre,Hsa-Mir-126-P2-v1,,,,136670652.0,136670674.0,Hsa-Mir-126-P2-v1_3p
200,chr9,136670615,136670674,Hsa-Mir-126-P2-v3_pre,Hsa-Mir-126-P2-v3,,,,136670651.0,136670674.0,Hsa-Mir-126-P2-v3_3p
201,chr10,17845120,17845181,Hsa-Mir-511_pre,Hsa-Mir-511,17845120.0,17845142.0,Hsa-Mir-511_5p,,,
202,chr10,35079607,35079668,Hsa-Mir-3611_pre,Hsa-Mir-3611,,,,35079607.0,35079629.0,Hsa-Mir-3611_3p
203,chr10,51299586,51299645,Hsa-Mir-605-v2_pre,Hsa-Mir-605-v2,,,,51299623.0,51299645.0,Hsa-Mir-605-v2_3p
204,chr10,51299587,51299644,Hsa-Mir-605-v1_pre,Hsa-Mir-605-v1,,,,51299622.0,51299644.0,Hsa-Mir-605-v1_3p
205,chr10,57304488,57304547,Hsa-Mir-3924_pre,Hsa-Mir-3924,57304525.0,57304547.0,Hsa-Mir-3924_5p,,,
206,chr10,63372968,63373033,Hsa-Mir-1296_pre,Hsa-Mir-1296,63373011.0,63373033.0,Hsa-Mir-1296_5p,,,
207,chr10,67403350,67403410,Hsa-Mir-7151_pre,Hsa-Mir-7151,67403386.0,67403410.0,Hsa-Mir-7151_5p,,,
208,chr10,86264709,86264769,Hsa-Mir-346_pre,Hsa-Mir-346,86264746.0,86264769.0,Hsa-Mir-346_5p,,,
209,chr10,89592755,89592815,Hsa-Mir-103-P1_pre,Hsa-Mir-103-P1,,,,89592755.0,89592778.0,Hsa-Mir-103-P1_3p
210,chr10,97875823,97875884,Hsa-Mir-3085_pre,Hsa-Mir-3085,,,,97875823.0,97875844.0,Hsa-Mir-3085_3p
211,chr10,98395231,98395292,Hsa-Mir-1287_pre,Hsa-Mir-1287,98395270.0,98395292.0,Hsa-Mir-1287_5p,,,
212,chr10,102436519,102436578,Hsa-Mir-146-P1_pre,Hsa-Mir-146-P1,102436519.0,102436543.0,Hsa-Mir-146-P1_5p,,,
213,chr10,103394299,103394361,Hsa-Mir-1307_pre,Hsa-Mir-1307,103394338.0,103394361.0,Hsa-Mir-1307_5p,,,
214,chr10,112299623,112299680,Hsa-Mir-6715_pre,Hsa-Mir-6715,,,,112299659.0,112299680.0,Hsa-Mir-6715_3p
215,chr10,116827498,116827555,Hsa-Mir-9851_pre,Hsa-Mir-9851,,,,116827498.0,116827520.0,Hsa-Mir-9851_3p
216,chr10,117167694,117167754,Hsa-Mir-3663_pre,Hsa-Mir-3663,,,,117167694.0,117167717.0,Hsa-Mir-3663_3p
217,chr10,133247535,133247593,Hsa-Mir-202_pre,Hsa-Mir-202,133247572.0,133247593.0,Hsa-Mir-202_5p,,,
218,chr10,133371578,133371641,Hsa-Mir-3944_pre,Hsa-Mir-3944,,,,133371578.0,133371601.0,Hsa-Mir-3944_3p
219,chr11,568111,568171,Hsa-Mir-210_pre,Hsa-Mir-210,,,,568111.0,568133.0,Hsa-Mir-210_3p
220,chr11,1996765,1996822,Hsa-Mir-675_pre,Hsa-Mir-675,,,,1996765.0,1996787.0,Hsa-Mir-675_3p
221,chr11,2134139,2134202,Hsa-Mir-483_pre,Hsa-Mir-483,2134180.0,2134202.0,Hsa-Mir-483_5p,,,
222,chr11,34941850,34941909,Hsa-Mir-1343_pre,Hsa-Mir-1343,,,,34941887.0,34941909.0,Hsa-Mir-1343_3p
223,chr11,43559674,43559738,Hsa-Mir-670_pre,Hsa-Mir-670,,,,43559713.0,43559738.0,Hsa-Mir-670_3p
224,chr11,43581407,43581471,Hsa-Mir-129-P1_pre,Hsa-Mir-129-P1,,,,43581449.0,43581471.0,Hsa-Mir-129-P1_3p
225,chr11,57641211,57641273,Hsa-Mir-130-P1c_pre,Hsa-Mir-130-P1c,,,,57641251.0,57641273.0,Hsa-Mir-130-P1c_3p
226,chr11,61815171,61815229,Hsa-Mir-1908_pre,Hsa-Mir-1908,61815208.0,61815229.0,Hsa-Mir-1908_5p,,,
227,chr11,64891158,64891223,Hsa-Mir-192-P2_pre,Hsa-Mir-192-P2,64891202.0,64891223.0,Hsa-Mir-192-P2_5p,,,
228,chr11,64891367,64891425,Hsa-Mir-194-P2_pre,Hsa-Mir-194-P2,64891402.0,64891425.0,Hsa-Mir-194-P2_5p,,,
229,chr11,72615065,72615124,Hsa-Mir-139_pre,Hsa-Mir-139,72615101.0,72615124.0,Hsa-Mir-139_5p,,,
230,chr11,75335107,75335167,Hsa-Mir-326_pre,Hsa-Mir-326,,,,75335107.0,75335127.0,Hsa-Mir-326_3p
231,chr11,79402030,79402099,Hsa-Mir-28-P3_pre,Hsa-Mir-28-P3,79402076.0,79402099.0,Hsa-Mir-28-P3_5p,,,
232,chr11,79422168,79422226,Hsa-Mir-5579_pre,Hsa-Mir-5579,79422204.0,79422226.0,Hsa-Mir-5579_5p,,,
233,chr11,111512950,111513009,Hsa-Mir-34-P2a_pre,Hsa-Mir-34-P2a,111512950.0,111512973.0,Hsa-Mir-34-P2a_5p,,,
234,chr11,111513450,111513505,Hsa-Mir-34-P2b_pre,Hsa-Mir-34-P2b,111513450.0,111513473.0,Hsa-Mir-34-P2b_5p,,,
235,chr11,122099768,122099830,Hsa-Mir-10-P3d_pre,Hsa-Mir-10-P3d,122099808.0,122099830.0,Hsa-Mir-10-P3d_5p,,,
236,chr11,122146522,122146589,Hsa-Let-7-P1d_pre,Hsa-Let-7-P1d,122146567.0,122146589.0,Hsa-Let-7-P1d_5p,,,
237,chr11,122152239,122152296,Hsa-Mir-10-P2d_pre,Hsa-Mir-10-P2d,122152274.0,122152296.0,Hsa-Mir-10-P2d_5p,,,
238,chr12,6963702,6963764,Hsa-Mir-8-P1b_pre,Hsa-Mir-8-P1b,,,,6963741.0,6963764.0,Hsa-Mir-8-P1b_3p
239,chr12,6964112,6964177,Hsa-Mir-8-P2b_pre,Hsa-Mir-8-P2b,,,,6964154.0,6964177.0,Hsa-Mir-8-P2b_3p
240,chr12,53991761,53991820,Hsa-Mir-196-P4_pre,Hsa-Mir-196-P4,53991761.0,53991784.0,Hsa-Mir-196-P4_5p,,,
241,chr12,54033966,54034030,Hsa-Mir-615_pre,Hsa-Mir-615,,,,54034009.0,54034030.0,Hsa-Mir-615_3p
242,chr12,54337238,54337299,Hsa-Mir-148-P4_pre,Hsa-Mir-148-P4,,,,54337277.0,54337299.0,Hsa-Mir-148-P4_3p
243,chr12,57519182,57519244,Hsa-Mir-616_pre,Hsa-Mir-616,57519220.0,57519244.0,Hsa-Mir-616_5p,,,
244,chr12,57824619,57824679,Hsa-Mir-26-P4_pre,Hsa-Mir-26-P4,57824657.0,57824679.0,Hsa-Mir-26-P4_5p,,,
245,chr12,62603690,62603767,Hsa-Let-7-P2c2_pre,Hsa-Let-7-P2c2,62603690.0,62603712.0,Hsa-Let-7-P2c2_5p,,,
246,chr12,79419260,79419319,Hsa-Mir-1252_pre,Hsa-Mir-1252,79419260.0,79419282.0,Hsa-Mir-1252_5p,,,
247,chr12,86745078,86745136,Hsa-Mir-3059_pre,Hsa-Mir-3059,86745114.0,86745136.0,Hsa-Mir-3059_5p,,,
248,chr12,95308444,95308500,Hsa-Mir-331_pre,Hsa-Mir-331,,,,95308479.0,95308500.0,Hsa-Mir-331_3p
249,chr12,97491912,97491971,Hsa-Mir-1251_pre,Hsa-Mir-1251,97491912.0,97491933.0,Hsa-Mir-1251_5p,,,
250,chr12,97563833,97563893,Hsa-Mir-135-P2_pre,Hsa-Mir-135-P2,97563833.0,97563856.0,Hsa-Mir-135-P2_5p,,,
251,chr13,24162430,24162490,Hsa-Mir-2276_pre,Hsa-Mir-2276,24162430.0,24162452.0,Hsa-Mir-2276_5p,,,
252,chr13,49996427,49996486,Hsa-Mir-3613_pre,Hsa-Mir-3613,49996464.0,49996486.0,Hsa-Mir-3613_5p,,,
253,chr13,50048983,50049048,Hsa-Mir-15-P2a_pre,Hsa-Mir-15-P2a,50049026.0,50049048.0,Hsa-Mir-15-P2a_5p,,,
254,chr13,50049129,50049188,Hsa-Mir-15-P1a_pre,Hsa-Mir-15-P1a,50049166.0,50049188.0,Hsa-Mir-15-P1a_5p,,,
255,chr13,91350617,91350677,Hsa-Mir-17-P1a_pre,Hsa-Mir-17-P1a,91350617.0,91350640.0,Hsa-Mir-17-P1a_5p,,,
256,chr13,91350755,91350820,Hsa-Mir-17-P2a_pre,Hsa-Mir-17-P2a,91350755.0,91350778.0,Hsa-Mir-17-P2a_5p,,,
257,chr13,91350903,91350961,Hsa-Mir-19-P1a_pre,Hsa-Mir-19-P1a,,,,91350938.0,91350961.0,Hsa-Mir-19-P1a_3p
258,chr13,91351071,91351130,Hsa-Mir-17-P4a_pre,Hsa-Mir-17-P4a,91351071.0,91351094.0,Hsa-Mir-17-P4a_5p,,,
259,chr13,91351206,91351267,Hsa-Mir-19-P2a_pre,Hsa-Mir-19-P2a,,,,91351244.0,91351267.0,Hsa-Mir-19-P2a_3p
260,chr13,91351323,91351382,Hsa-Mir-92-P1a_pre,Hsa-Mir-92-P1a,,,,91351360.0,91351382.0,Hsa-Mir-92-P1a_3p
261,chr14,23388601,23388658,Hsa-Mir-208-P2_pre,Hsa-Mir-208-P2,,,,23388601.0,23388623.0,Hsa-Mir-208-P2_3p
262,chr14,23417996,23418053,Hsa-Mir-208-P1_pre,Hsa-Mir-208-P1,,,,23417996.0,23418018.0,Hsa-Mir-208-P1_3p
263,chr14,31014669,31014727,Hsa-Mir-624_pre,Hsa-Mir-624,31014705.0,31014727.0,Hsa-Mir-624_5p,,,
264,chr14,59646961,59647021,Hsa-Mir-5586_pre,Hsa-Mir-5586,59646999.0,59647021.0,Hsa-Mir-5586_5p,,,
265,chr14,95137921,95137982,Hsa-Mir-3173_pre,Hsa-Mir-3173,95137959.0,95137982.0,Hsa-Mir-3173_5p,,,
266,chr14,100109672,100109739,Hsa-Mir-342_pre,Hsa-Mir-342,,,,100109714.0,100109739.0,Hsa-Mir-342_3p
267,chr14,100307875,100307933,Hsa-Mir-345_pre,Hsa-Mir-345,100307875.0,100307897.0,Hsa-Mir-345_5p,,,
268,chr14,100852408,100852470,Hsa-Mir-770_pre,Hsa-Mir-770,100852408.0,100852433.0,Hsa-Mir-770_5p,,,
269,chr14,100869074,100869136,Hsa-Mir-493_pre,Hsa-Mir-493,100869074.0,100869096.0,Hsa-Mir-493_5p,,,
270,chr14,100874512,100874572,Hsa-Mir-337-as_pre,Hsa-Mir-337-as,100874549.0,100874572.0,Hsa-Mir-337-as_5p,,,
271,chr14,100874514,100874574,Hsa-Mir-337-v2_pre,Hsa-Mir-337-v2,100874514.0,100874535.0,Hsa-Mir-337-v2_5p,,,
272,chr14,100874514,100874574,Hsa-Mir-337-v1_pre,Hsa-Mir-337-v1,100874514.0,100874534.0,Hsa-Mir-337-v1_5p,,,
273,chr14,100881025,100881089,Hsa-Mir-431_pre,Hsa-Mir-431,100881025.0,100881046.0,Hsa-Mir-431_5p,,,
274,chr14,100881896,100881970,Hsa-Mir-433_pre,Hsa-Mir-433,,,,100881948.0,100881970.0,Hsa-Mir-433_3p
275,chr14,100883000,100883056,Hsa-Mir-127_pre,Hsa-Mir-127,,,,100883034.0,100883056.0,Hsa-Mir-127_3p
276,chr14,100884495,100884564,Hsa-Mir-432_pre,Hsa-Mir-432,100884495.0,100884518.0,Hsa-Mir-432_5p,,,
277,chr14,100884715,100884771,Hsa-Mir-136-v1_pre,Hsa-Mir-136-v1,,,,100884749.0,100884771.0,Hsa-Mir-136-v1_3p
278,chr14,100884715,100884771,Hsa-Mir-136-v2_pre,Hsa-Mir-136-v2,100884715.0,100884737.0,Hsa-Mir-136-v2_5p,,,
279,chr14,100911150,100911207,Hsa-Mir-370_pre,Hsa-Mir-370,,,,100911185.0,100911207.0,Hsa-Mir-370_3p
280,chr14,101022070,101022129,Hsa-Mir-154-P7_pre,Hsa-Mir-154-P7,101022070.0,101022091.0,Hsa-Mir-154-P7_5p,,,
281,chr14,101023338,101023396,Hsa-Mir-154-P13-v2_pre,Hsa-Mir-154-P13-v2,101023338.0,101023360.0,Hsa-Mir-154-P13-v2_5p,,,
282,chr14,101023339,101023395,Hsa-Mir-154-P13-v1_pre,Hsa-Mir-154-P13-v1,101023339.0,101023360.0,Hsa-Mir-154-P13-v1_5p,,,
283,chr14,101023798,101023853,Hsa-Mir-154-P2-v1_pre,Hsa-Mir-154-P2-v1,101023798.0,101023820.0,Hsa-Mir-154-P2-v1_5p,,,
284,chr14,101023799,101023852,Hsa-Mir-154-P2-v2_pre,Hsa-Mir-154-P2-v2,101023799.0,101023821.0,Hsa-Mir-154-P2-v2_5p,,,
285,chr14,101025019,101025076,Hsa-Mir-154-P8_pre,Hsa-Mir-154-P8,101025019.0,101025041.0,Hsa-Mir-154-P8_5p,,,
286,chr14,101025584,101025640,Hsa-Mir-154-P30_pre,Hsa-Mir-154-P30,,,,101025619.0,101025640.0,Hsa-Mir-154-P30_3p
287,chr14,101025746,101025802,Hsa-Mir-154-P3a-v2_pre,Hsa-Mir-154-P3a-v2,,,,101025780.0,101025802.0,Hsa-Mir-154-P3a-v2_3p
288,chr14,101025746,101025802,Hsa-Mir-154-P3a-v1_pre,Hsa-Mir-154-P3a-v1,,,,101025781.0,101025802.0,Hsa-Mir-154-P3a-v1_3p
289,chr14,101026034,101026092,Hsa-Mir-154-P26_pre,Hsa-Mir-154-P26,,,,101026070.0,101026092.0,Hsa-Mir-154-P26_3p
290,chr14,101026795,101026855,Hsa-Mir-154-P4a_pre,Hsa-Mir-154-P4a,,,,101026833.0,101026855.0,Hsa-Mir-154-P4a_3p
291,chr14,101027112,101027172,Hsa-Mir-154-P4b_pre,Hsa-Mir-154-P4b,,,,101027150.0,101027172.0,Hsa-Mir-154-P4b_3p
292,chr14,101029647,101029703,Hsa-Mir-154-P18_pre,Hsa-Mir-154-P18,,,,101029680.0,101029703.0,Hsa-Mir-154-P18_3p
293,chr14,101030063,101030120,Hsa-Mir-154-P29_pre,Hsa-Mir-154-P29,101030063.0,101030084.0,Hsa-Mir-154-P29_5p,,,
294,chr14,101031996,101032054,Hsa-Mir-154-P22_pre,Hsa-Mir-154-P22,,,,101032032.0,101032054.0,Hsa-Mir-154-P22_3p
295,chr14,101033767,101033825,Hsa-Mir-154-P19_pre,Hsa-Mir-154-P19,,,,101033803.0,101033825.0,Hsa-Mir-154-P19_3p
296,chr14,101039357,101039415,Hsa-Mir-376-P5_pre,Hsa-Mir-376-P5,,,,101039394.0,101039415.0,Hsa-Mir-376-P5_3p
297,chr14,101039694,101039752,Hsa-Mir-376-P4_pre,Hsa-Mir-376-P4,,,,101039731.0,101039752.0,Hsa-Mir-376-P4_3p
298,chr14,101040080,101040138,Hsa-Mir-376-P3_pre,Hsa-Mir-376-P3,,,,101040117.0,101040138.0,Hsa-Mir-376-P3_3p
299,chr14,101040233,101040289,Hsa-Mir-154-P23_pre,Hsa-Mir-154-P23,,,,101040268.0,101040289.0,Hsa-Mir-154-P23_3p
300,chr14,101040459,101040517,Hsa-Mir-376-P2_pre,Hsa-Mir-376-P2,,,,101040496.0,101040517.0,Hsa-Mir-376-P2_3p
301,chr14,101040787,101040845,Hsa-Mir-376-P1_pre,Hsa-Mir-376-P1,,,,101040824.0,101040845.0,Hsa-Mir-376-P1_3p
302,chr14,101042990,101043050,Hsa-Mir-154-P28a_pre,Hsa-Mir-154-P28a,,,,101043028.0,101043050.0,Hsa-Mir-154-P28a_3p
303,chr14,101044211,101044271,Hsa-Mir-154-P28b_pre,Hsa-Mir-154-P28b,101044211.0,101044233.0,Hsa-Mir-154-P28b_5p,,,
304,chr14,101045926,101045989,Hsa-Mir-154-P9_pre,Hsa-Mir-154-P9,,,,101045967.0,101045989.0,Hsa-Mir-154-P9_3p
305,chr14,101046468,101046526,Hsa-Mir-154-P17_pre,Hsa-Mir-154-P17,,,,101046504.0,101046526.0,Hsa-Mir-154-P17_3p
306,chr14,101047328,101047392,Hsa-Mir-154-P21_pre,Hsa-Mir-154-P21,,,,101047368.0,101047392.0,Hsa-Mir-154-P21_3p
307,chr14,101047910,101047969,Hsa-Mir-154-P27_pre,Hsa-Mir-154-P27,,,,101047948.0,101047969.0,Hsa-Mir-154-P27_3p
308,chr14,101048675,101048732,Hsa-Mir-544_pre,Hsa-Mir-544,,,,101048711.0,101048732.0,Hsa-Mir-544_3p
309,chr14,101049571,101049631,Hsa-Mir-154-P24_pre,Hsa-Mir-154-P24,,,,101049609.0,101049631.0,Hsa-Mir-154-P24_3p
310,chr14,101052457,101052515,Hsa-Mir-154-P16_pre,Hsa-Mir-154-P16,,,,101052493.0,101052515.0,Hsa-Mir-154-P16_3p
311,chr14,101054315,101054373,Hsa-Mir-154-P10_pre,Hsa-Mir-154-P10,101054315.0,101054337.0,Hsa-Mir-154-P10_5p,,,
312,chr14,101054693,101054754,Hsa-Mir-134_pre,Hsa-Mir-134,101054693.0,101054715.0,Hsa-Mir-134_5p,,,
313,chr14,101055426,101055485,Hsa-Mir-154-P15_pre,Hsa-Mir-154-P15,101055426.0,101055449.0,Hsa-Mir-154-P15_5p,,,
314,chr14,101056232,101056289,Hsa-Mir-154-P3b_pre,Hsa-Mir-154-P3b,,,,101056268.0,101056289.0,Hsa-Mir-154-P3b_3p
315,chr14,101059768,101059826,Hsa-Mir-154-P1_pre,Hsa-Mir-154-P1,101059768.0,101059790.0,Hsa-Mir-154-P1_5p,,,
316,chr14,101060594,101060650,Hsa-Mir-154-P20-v2_pre,Hsa-Mir-154-P20-v2,,,,101060629.0,101060650.0,Hsa-Mir-154-P20-v2_3p
317,chr14,101060595,101060649,Hsa-Mir-154-P20-v1_pre,Hsa-Mir-154-P20-v1,,,,101060627.0,101060649.0,Hsa-Mir-154-P20-v1_3p
318,chr14,101062055,101062115,Hsa-Mir-154-P6_pre,Hsa-Mir-154-P6,,,,101062093.0,101062115.0,Hsa-Mir-154-P6_3p
319,chr14,101064503,101064569,Hsa-Mir-541_pre,Hsa-Mir-541,101064503.0,101064528.0,Hsa-Mir-541_5p,,,
320,chr14,101065313,101065367,Hsa-Mir-154-P36_pre,Hsa-Mir-154-P36,,,,101065345.0,101065367.0,Hsa-Mir-154-P36_3p
321,chr14,101065464,101065519,Hsa-Mir-154-P14_pre,Hsa-Mir-154-P14,101065464.0,101065487.0,Hsa-Mir-154-P14_5p,,,
322,chr14,101065605,101065661,Hsa-Mir-154-P5_pre,Hsa-Mir-154-P5,101065605.0,101065626.0,Hsa-Mir-154-P5_5p,,,
323,chr14,101065924,101065981,Hsa-Mir-154-P12_pre,Hsa-Mir-154-P12,,,,101065960.0,101065981.0,Hsa-Mir-154-P12_3p
324,chr14,101066730,101066786,Hsa-Mir-154-P25_pre,Hsa-Mir-154-P25,,,,101066765.0,101066786.0,Hsa-Mir-154-P25_3p
325,chr14,101560325,101560383,Hsa-Mir-1247_pre,Hsa-Mir-1247,101560361.0,101560383.0,Hsa-Mir-1247_5p,,,
326,chr14,104117430,104117490,Hsa-Mir-203-v2_pre,Hsa-Mir-203-v2,,,,104117469.0,104117490.0,Hsa-Mir-203-v2_3p
327,chr14,104117430,104117490,Hsa-Mir-203-v1_pre,Hsa-Mir-203-v1,,,,104117468.0,104117490.0,Hsa-Mir-203-v1_3p
328,chr15,31065058,31065116,Hsa-Mir-204-P1_pre,Hsa-Mir-204-P1,31065094.0,31065116.0,Hsa-Mir-204-P1_5p,,,
329,chr15,35372278,35372341,Hsa-Mir-3942_pre,Hsa-Mir-3942,35372319.0,35372341.0,Hsa-Mir-3942_5p,,,
330,chr15,45433059,45433119,Hsa-Mir-147-v1_pre,Hsa-Mir-147-v1,,,,45433097.0,45433119.0,Hsa-Mir-147-v1_3p
331,chr15,45433060,45433118,Hsa-Mir-147-v2_pre,Hsa-Mir-147-v2,,,,45433096.0,45433118.0,Hsa-Mir-147-v2_3p
332,chr15,52277130,52277188,Hsa-Mir-1266_pre,Hsa-Mir-1266,52277165.0,52277188.0,Hsa-Mir-1266_5p,,,
333,chr15,55372951,55373012,Hsa-Mir-628_pre,Hsa-Mir-628,55372990.0,55373012.0,Hsa-Mir-628_5p,,,
334,chr15,59171192,59171249,Hsa-Mir-2116_pre,Hsa-Mir-2116,59171228.0,59171249.0,Hsa-Mir-2116_5p,,,
335,chr15,62823970,62824029,Hsa-Mir-190-P1_pre,Hsa-Mir-190-P1,62823970.0,62823994.0,Hsa-Mir-190-P1_5p,,,
336,chr15,70079386,70079447,Hsa-Mir-629_pre,Hsa-Mir-629,70079425.0,70079447.0,Hsa-Mir-629_5p,,,
337,chr15,79209799,79209861,Hsa-Mir-184_pre,Hsa-Mir-184,,,,79209839.0,79209861.0,Hsa-Mir-184_3p
338,chr15,85770507,85770567,Hsa-Mir-1276_pre,Hsa-Mir-1276,85770545.0,85770567.0,Hsa-Mir-1276_5p,,,
339,chr15,88611855,88611917,Hsa-Mir-7-P1_pre,Hsa-Mir-7-P1,88611855.0,88611879.0,Hsa-Mir-7-P1_5p,,,
340,chr15,89368031,89368093,Hsa-Mir-9-P1_pre,Hsa-Mir-9-P1,89368031.0,89368054.0,Hsa-Mir-9-P1_5p,,,
341,chr15,90006763,90006833,Hsa-Mir-3174_pre,Hsa-Mir-3174,90006763.0,90006786.0,Hsa-Mir-3174_5p,,,
342,chr16,14303979,14304038,Hsa-Mir-193-P1a_pre,Hsa-Mir-193-P1a,,,,14304016.0,14304038.0,Hsa-Mir-193-P1a_3p
343,chr16,14309299,14309360,Hsa-Mir-193-P2a_pre,Hsa-Mir-193-P2a,,,,14309339.0,14309360.0,Hsa-Mir-193-P2a_3p
344,chr16,14911236,14911302,Hsa-Mir-3180-P2_pre,Hsa-Mir-3180-P2,,,,14911280.0,14911302.0,Hsa-Mir-3180-P2_3p
345,chr16,16309891,16309957,Hsa-Mir-3180-P1_pre,Hsa-Mir-3180-P1,,,,16309935.0,16309957.0,Hsa-Mir-3180-P1_3p
346,chr16,18402188,18402254,Hsa-Mir-3180-P3_pre,Hsa-Mir-3180-P3,,,,18402188.0,18402210.0,Hsa-Mir-3180-P3_3p
347,chr16,56858526,56858594,Hsa-Mir-138-P2_pre,Hsa-Mir-138-P2,56858526.0,56858549.0,Hsa-Mir-138-P2_5p,,,
348,chr16,67202327,67202388,Hsa-Mir-328_pre,Hsa-Mir-328,,,,67202327.0,67202348.0,Hsa-Mir-328_3p
349,chr16,69933102,69933164,Hsa-Mir-140-P1-v1_pre,Hsa-Mir-140-P1-v1,,,,69933142.0,69933164.0,Hsa-Mir-140-P1-v1_3p
350,chr16,69933102,69933164,Hsa-Mir-140-P1-v2_pre,Hsa-Mir-140-P1-v2,,,,69933141.0,69933164.0,Hsa-Mir-140-P1-v2_3p
351,chr16,81533904,81533965,Hsa-Mir-7854_pre,Hsa-Mir-7854,,,,81533941.0,81533965.0,Hsa-Mir-7854_3p
352,chr16,85741629,85741689,Hsa-Mir-1910_pre,Hsa-Mir-1910,,,,85741629.0,85741650.0,Hsa-Mir-1910_3p
353,chr17,1713913,1713973,Hsa-Mir-22-P1b_pre,Hsa-Mir-22-P1b,,,,1713913.0,1713935.0,Hsa-Mir-22-P1b_3p
354,chr17,2049928,2049986,Hsa-Mir-132-P1_pre,Hsa-Mir-132-P1,,,,2049928.0,2049950.0,Hsa-Mir-132-P1_3p
355,chr17,2050288,2050350,Hsa-Mir-132-P2_pre,Hsa-Mir-132-P2,2050327.0,2050350.0,Hsa-Mir-132-P2_5p,,,
356,chr17,7017626,7017687,Hsa-Mir-15-P2d_pre,Hsa-Mir-15-P2d,7017665.0,7017687.0,Hsa-Mir-15-P2d_5p,,,
357,chr17,7017937,7017999,Hsa-Mir-15-P1d_pre,Hsa-Mir-15-P1d,7017977.0,7017999.0,Hsa-Mir-15-P1d_5p,,,
358,chr17,7223307,7223364,Hsa-Mir-324_pre,Hsa-Mir-324,7223341.0,7223364.0,Hsa-Mir-324_5p,,,
359,chr17,12081908,12081986,Hsa-Mir-744_pre,Hsa-Mir-744,12081908.0,12081930.0,Hsa-Mir-744_5p,,,
360,chr17,15251633,15251687,Hsa-Mir-4731_pre,Hsa-Mir-4731,15251665.0,15251687.0,Hsa-Mir-4731_5p,,,
361,chr17,17813857,17813916,Hsa-Mir-33-P1_pre,Hsa-Mir-33-P1,17813895.0,17813916.0,Hsa-Mir-33-P1_5p,,,
362,chr17,19344512,19344568,Hsa-Mir-1180_pre,Hsa-Mir-1180,,,,19344512.0,19344534.0,Hsa-Mir-1180_3p
363,chr17,28861382,28861424,Hsa-Mir-451_pre,Hsa-Mir-451,28861402.0,28861424.0,Hsa-Mir-451_5p,,,
364,chr17,28861546,28861604,Hsa-Mir-144-v2_pre,Hsa-Mir-144-v2,,,,28861546.0,28861568.0,Hsa-Mir-144-v2_3p
365,chr17,28861546,28861604,Hsa-Mir-144-v1_pre,Hsa-Mir-144-v1,,,,28861546.0,28861567.0,Hsa-Mir-144-v1_3p
366,chr17,30117094,30117153,Hsa-Mir-423_pre,Hsa-Mir-423,30117094.0,30117117.0,Hsa-Mir-423_5p,,,
367,chr17,31560015,31560071,Hsa-Mir-193-P1b_pre,Hsa-Mir-193-P1b,31560015.0,31560037.0,Hsa-Mir-193-P1b_5p,,,
368,chr17,31575438,31575499,Hsa-Mir-193-P2b_pre,Hsa-Mir-193-P2b,,,,31575477.0,31575499.0,Hsa-Mir-193-P2b_3p
369,chr17,48037173,48037232,Hsa-Mir-148-P3_pre,Hsa-Mir-148-P3,,,,48037173.0,48037194.0,Hsa-Mir-148-P3_3p
370,chr17,48579863,48579926,Hsa-Mir-10-P1c-v1_pre,Hsa-Mir-10-P1c-v1,48579904.0,48579926.0,Hsa-Mir-10-P1c-v1_5p,,,
371,chr17,48579864,48579925,Hsa-Mir-10-P1c-v2_pre,Hsa-Mir-10-P1c-v2,48579903.0,48579925.0,Hsa-Mir-10-P1c-v2_5p,,,
372,chr17,48632493,48632553,Hsa-Mir-196-P3_pre,Hsa-Mir-196-P3,48632531.0,48632553.0,Hsa-Mir-196-P3_5p,,,
373,chr17,58331242,58331305,Hsa-Mir-142-P1-v4_pre,Hsa-Mir-142-P1-v4,58331283.0,58331305.0,Hsa-Mir-142-P1-v4_5p,,,
374,chr17,58331244,58331303,Hsa-Mir-142-P1-v2_pre,Hsa-Mir-142-P1-v2,,,,58331244.0,58331266.0,Hsa-Mir-142-P1-v2_3p
375,chr17,58331244,58331303,Hsa-Mir-142-P1-v3_pre,Hsa-Mir-142-P1-v3,,,,58331244.0,58331267.0,Hsa-Mir-142-P1-v3_3p
376,chr17,58331244,58331303,Hsa-Mir-142-P1-v1_pre,Hsa-Mir-142-P1-v1,58331282.0,58331303.0,Hsa-Mir-142-P1-v1_5p,,,
377,chr17,59137784,59137849,Hsa-Mir-130-P3b_pre,Hsa-Mir-130-P3b,,,,59137784.0,59137809.0,Hsa-Mir-130-P3b_3p
378,chr17,59151146,59151208,Hsa-Mir-130-P2b_pre,Hsa-Mir-130-P2b,,,,59151146.0,59151171.0,Hsa-Mir-130-P2b_3p
379,chr17,59841272,59841332,Hsa-Mir-21_pre,Hsa-Mir-21,59841272.0,59841296.0,Hsa-Mir-21_5p,,,
380,chr17,69099569,69099625,Hsa-Mir-4524_pre,Hsa-Mir-4524,,,,69099569.0,69099591.0,Hsa-Mir-4524_3p
381,chr17,81125885,81125944,Hsa-Mir-338-P2_pre,Hsa-Mir-338-P2,,,,81125885.0,81125908.0,Hsa-Mir-338-P2_3p
382,chr17,81125885,81125948,Hsa-Mir-338-P2-as_pre,Hsa-Mir-338-P2-as,81125885.0,81125910.0,Hsa-Mir-338-P2-as_5p,,,
383,chr18,21683526,21683580,Hsa-Mir-320-P3_pre,Hsa-Mir-320-P3,,,,21683558.0,21683580.0,Hsa-Mir-320-P3_3p
384,chr18,21825710,21825770,Hsa-Mir-133-P1-v2_pre,Hsa-Mir-133-P1-v2,,,,21825710.0,21825732.0,Hsa-Mir-133-P1-v2_3p
385,chr18,21825710,21825770,Hsa-Mir-133-P1-v1_pre,Hsa-Mir-133-P1-v1,,,,21825710.0,21825733.0,Hsa-Mir-133-P1-v1_3p
386,chr18,21829014,21829075,Hsa-Mir-1-P1_pre,Hsa-Mir-1-P1,,,,21829014.0,21829036.0,Hsa-Mir-1-P1_3p
387,chr18,24321683,24321737,Hsa-Mir-320-P4_pre,Hsa-Mir-320-P4,,,,24321715.0,24321737.0,Hsa-Mir-320-P4_3p
388,chr18,35904834,35904892,Hsa-Mir-187_pre,Hsa-Mir-187,,,,35904834.0,35904856.0,Hsa-Mir-187_3p
389,chr18,58451087,58451145,Hsa-Mir-122_pre,Hsa-Mir-122,58451087.0,58451109.0,Hsa-Mir-122_5p,,,
390,chr19,813589,813649,Hsa-Mir-3187_pre,Hsa-Mir-3187,,,,813626.0,813649.0,Hsa-Mir-3187_3p
391,chr19,4770699,4770759,Hsa-Mir-7-P4_pre,Hsa-Mir-7-P4,4770699.0,4770723.0,Hsa-Mir-7-P4_5p,,,
392,chr19,10817428,10817491,Hsa-Mir-199-P3-v1_pre,Hsa-Mir-199-P3-v1,,,,10817428.0,10817450.0,Hsa-Mir-199-P3-v1_3p
393,chr19,10817428,10817491,Hsa-Mir-199-P3-v2_pre,Hsa-Mir-199-P3-v2,,,,10817428.0,10817451.0,Hsa-Mir-199-P3-v2_3p
394,chr19,10817428,10817491,Hsa-Mir-199-P3-v3_pre,Hsa-Mir-199-P3-v3,,,,10817428.0,10817449.0,Hsa-Mir-199-P3-v3_3p
395,chr19,13836288,13836348,Hsa-Mir-24-P3_pre,Hsa-Mir-24-P3,,,,13836288.0,13836310.0,Hsa-Mir-24-P3_3p
396,chr19,13836446,13836508,Hsa-Mir-27-P3_pre,Hsa-Mir-27-P3,,,,13836446.0,13836467.0,Hsa-Mir-27-P3_3p
397,chr19,13836592,13836651,Hsa-Mir-23-P3_pre,Hsa-Mir-23-P3,,,,13836592.0,13836615.0,Hsa-Mir-23-P3_3p
398,chr19,13874724,13874785,Hsa-Mir-181-P1c_pre,Hsa-Mir-181-P1c,13874724.0,13874747.0,Hsa-Mir-181-P1c_5p,,,
399,chr19,13874909,13874972,Hsa-Mir-181-P2c_pre,Hsa-Mir-181-P2c,13874909.0,13874933.0,Hsa-Mir-181-P2c_5p,,,
400,chr19,20399283,20399342,Hsa-Mir-1270_pre,Hsa-Mir-1270,20399319.0,20399342.0,Hsa-Mir-1270_5p,,,
401,chr19,45639006,45639070,Hsa-Mir-330-v1_pre,Hsa-Mir-330-v1,,,,45639006.0,45639030.0,Hsa-Mir-330-v1_3p
402,chr19,45639006,45639070,Hsa-Mir-330-v2_pre,Hsa-Mir-330-v2,,,,45639006.0,45639031.0,Hsa-Mir-330-v2_3p
403,chr19,45674942,45674999,Hsa-Mir-642_pre,Hsa-Mir-642,45674942.0,45674964.0,Hsa-Mir-642_5p,,,
404,chr19,46018960,46019021,Hsa-Mir-769_pre,Hsa-Mir-769,46018960.0,46018982.0,Hsa-Mir-769_5p,,,
405,chr19,49500797,49500853,Hsa-Mir-150_pre,Hsa-Mir-150,49500831.0,49500853.0,Hsa-Mir-150_5p,,,
406,chr19,51692617,51692677,Hsa-Mir-10-P2b_pre,Hsa-Mir-10-P2b,51692617.0,51692639.0,Hsa-Mir-10-P2b_5p,,,
407,chr19,51692792,51692859,Hsa-Let-7-P1b_pre,Hsa-Let-7-P1b,51692792.0,51692814.0,Hsa-Let-7-P1b_5p,,,
408,chr19,51693267,51693327,Hsa-Mir-10-P3b_pre,Hsa-Mir-10-P3b,51693267.0,51693291.0,Hsa-Mir-10-P3b_5p,,,
409,chr19,53666692,53666750,Hsa-Mir-430-P8b_pre,Hsa-Mir-430-P8b,,,,53666728.0,53666750.0,Hsa-Mir-430-P8b_3p
410,chr19,53669176,53669234,Hsa-Mir-430-P8a_pre,Hsa-Mir-430-P8a,,,,53669212.0,53669234.0,Hsa-Mir-430-P8a_3p
411,chr19,53671977,53672033,Hsa-Mir-1323_pre,Hsa-Mir-1323,53671977.0,53671999.0,Hsa-Mir-1323_5p,,,
412,chr19,53674229,53674289,Hsa-Mir-498_pre,Hsa-Mir-498,53674229.0,53674252.0,Hsa-Mir-498_5p,,,
413,chr19,53675724,53675785,Hsa-Mir-430-P25_pre,Hsa-Mir-430-P25,,,,53675763.0,53675785.0,Hsa-Mir-430-P25_3p
414,chr19,53679015,53679074,Hsa-Mir-430-P9b_pre,Hsa-Mir-430-P9b,53679015.0,53679039.0,Hsa-Mir-430-P9b_5p,,,
415,chr19,53679952,53680011,Hsa-Mir-430-P20_pre,Hsa-Mir-430-P20,53679952.0,53679974.0,Hsa-Mir-430-P20_5p,,,
416,chr19,53682172,53682233,Hsa-Mir-430-P26_pre,Hsa-Mir-430-P26,,,,53682211.0,53682233.0,Hsa-Mir-430-P26_3p
417,chr19,53685021,53685080,Hsa-Mir-430-P9a_pre,Hsa-Mir-430-P9a,53685021.0,53685045.0,Hsa-Mir-430-P9a_5p,,,
418,chr19,53686483,53686543,Hsa-Mir-430-P18_pre,Hsa-Mir-430-P18,53686483.0,53686505.0,Hsa-Mir-430-P18_5p,,,
419,chr19,53688494,53688553,Hsa-Mir-430-P49_pre,Hsa-Mir-430-P49,53688494.0,53688515.0,Hsa-Mir-430-P49_5p,,,
420,chr19,53690894,53690953,Hsa-Mir-430-P21_pre,Hsa-Mir-430-P21,,,,53690932.0,53690953.0,Hsa-Mir-430-P21_3p
421,chr19,53694405,53694464,Hsa-Mir-430-P47_pre,Hsa-Mir-430-P47,53694405.0,53694427.0,Hsa-Mir-430-P47_5p,,,
422,chr19,53695224,53695284,Hsa-Mir-430-P17_pre,Hsa-Mir-430-P17,53695224.0,53695246.0,Hsa-Mir-430-P17_5p,,,
423,chr19,53697546,53697605,Hsa-Mir-430-P44_pre,Hsa-Mir-430-P44,53697546.0,53697568.0,Hsa-Mir-430-P44_5p,,,
424,chr19,53698399,53698458,Hsa-Mir-430-P42_pre,Hsa-Mir-430-P42,,,,53698436.0,53698458.0,Hsa-Mir-430-P42_3p
425,chr19,53700029,53700088,Hsa-Mir-430-P14_pre,Hsa-Mir-430-P14,,,,53700066.0,53700088.0,Hsa-Mir-430-P14_3p
426,chr19,53701227,53701288,Hsa-Mir-430-P22_pre,Hsa-Mir-430-P22,,,,53701266.0,53701288.0,Hsa-Mir-430-P22_3p
427,chr19,53702749,53702808,Hsa-Mir-430-P10_pre,Hsa-Mir-430-P10,,,,53702786.0,53702808.0,Hsa-Mir-430-P10_3p
428,chr19,53706265,53706324,Hsa-Mir-430-P45_pre,Hsa-Mir-430-P45,53706265.0,53706287.0,Hsa-Mir-430-P45_5p,,,
429,chr19,53707467,53707527,Hsa-Mir-430-P23_pre,Hsa-Mir-430-P23,,,,53707505.0,53707527.0,Hsa-Mir-430-P23_3p
430,chr19,53708758,53708817,Hsa-Mir-430-P11_pre,Hsa-Mir-430-P11,,,,53708795.0,53708817.0,Hsa-Mir-430-P11_3p
431,chr19,53711016,53711075,Hsa-Mir-430-P43_pre,Hsa-Mir-430-P43,53711016.0,53711038.0,Hsa-Mir-430-P43_5p,,,
432,chr19,53712281,53712342,Hsa-Mir-430-P35a_pre,Hsa-Mir-430-P35a,,,,53712320.0,53712342.0,Hsa-Mir-430-P35a_3p
433,chr19,53713360,53713422,Hsa-Mir-430-P19_pre,Hsa-Mir-430-P19,,,,53713399.0,53713422.0,Hsa-Mir-430-P19_3p
434,chr19,53716607,53716668,Hsa-Mir-430-P29b_pre,Hsa-Mir-430-P29b,,,,53716646.0,53716668.0,Hsa-Mir-430-P29b_3p
435,chr19,53720110,53720170,Hsa-Mir-430-P24_pre,Hsa-Mir-430-P24,,,,53720148.0,53720170.0,Hsa-Mir-430-P24_3p
436,chr19,53721080,53721139,Hsa-Mir-430-P35b_pre,Hsa-Mir-430-P35b,,,,53721117.0,53721139.0,Hsa-Mir-430-P35b_3p
437,chr19,53722181,53722241,Hsa-Mir-430-P27b_pre,Hsa-Mir-430-P27b,,,,53722220.0,53722241.0,Hsa-Mir-430-P27b_3p
438,chr19,53725456,53725514,Hsa-Mir-430-P34_pre,Hsa-Mir-430-P34,53725456.0,53725480.0,Hsa-Mir-430-P34_5p,,,
439,chr19,53726927,53726982,Hsa-Mir-430-P46_pre,Hsa-Mir-430-P46,53726927.0,53726949.0,Hsa-Mir-430-P46_5p,,,
440,chr19,53729852,53729911,Hsa-Mir-430-P13_pre,Hsa-Mir-430-P13,53729852.0,53729874.0,Hsa-Mir-430-P13_5p,,,
441,chr19,53731018,53731078,Hsa-Mir-430-P38_pre,Hsa-Mir-430-P38,,,,53731055.0,53731078.0,Hsa-Mir-430-P38_3p
442,chr19,53734891,53734950,Hsa-Mir-430-P12_pre,Hsa-Mir-430-P12,53734891.0,53734913.0,Hsa-Mir-430-P12_5p,,,
443,chr19,53736859,53736922,Hsa-Mir-430-P33_pre,Hsa-Mir-430-P33,53736859.0,53736883.0,Hsa-Mir-430-P33_5p,,,
444,chr19,53739347,53739407,Hsa-Mir-430-P39_pre,Hsa-Mir-430-P39,,,,53739384.0,53739407.0,Hsa-Mir-430-P39_3p
445,chr19,53741331,53741390,Hsa-Mir-430-P35c_pre,Hsa-Mir-430-P35c,,,,53741368.0,53741390.0,Hsa-Mir-430-P35c_3p
446,chr19,53742527,53742587,Hsa-Mir-430-P27a_pre,Hsa-Mir-430-P27a,,,,53742566.0,53742587.0,Hsa-Mir-430-P27a_3p
447,chr19,53748649,53748710,Hsa-Mir-430-P29a_pre,Hsa-Mir-430-P29a,,,,53748688.0,53748710.0,Hsa-Mir-430-P29a_3p
448,chr19,53751225,53751285,Hsa-Mir-430-P41_pre,Hsa-Mir-430-P41,,,,53751263.0,53751285.0,Hsa-Mir-430-P41_3p
449,chr19,53752409,53752470,Hsa-Mir-430-P15_pre,Hsa-Mir-430-P15,53752409.0,53752431.0,Hsa-Mir-430-P15_5p,,,
450,chr19,53754030,53754089,Hsa-Mir-430-P48_pre,Hsa-Mir-430-P48,53754030.0,53754051.0,Hsa-Mir-430-P48_5p,,,
451,chr19,53756755,53756818,Hsa-Mir-430-P31a_pre,Hsa-Mir-430-P31a,53756755.0,53756779.0,Hsa-Mir-430-P31a_5p,,,
452,chr19,53758245,53758304,Hsa-Mir-430-P50_pre,Hsa-Mir-430-P50,53758245.0,53758266.0,Hsa-Mir-430-P50_5p,,,
453,chr19,53761147,53761210,Hsa-Mir-430-P31b_pre,Hsa-Mir-430-P31b,53761147.0,53761171.0,Hsa-Mir-430-P31b_5p,,,
454,chr19,53762357,53762418,Hsa-Mir-430-P16_pre,Hsa-Mir-430-P16,,,,53762396.0,53762418.0,Hsa-Mir-430-P16_3p
455,chr19,53787679,53787738,Hsa-Mir-430-P5_pre,Hsa-Mir-430-P5,53787679.0,53787702.0,Hsa-Mir-430-P5_5p,,,
456,chr19,53787894,53787953,Hsa-Mir-430-P6_pre,Hsa-Mir-430-P6,,,,53787930.0,53787953.0,Hsa-Mir-430-P6_3p
457,chr19,53788709,53788770,Hsa-Mir-430-P7_pre,Hsa-Mir-430-P7,,,,53788747.0,53788770.0,Hsa-Mir-430-P7_3p
458,chr19,53982324,53982384,Hsa-Mir-935-v2_pre,Hsa-Mir-935-v2,,,,53982361.0,53982384.0,Hsa-Mir-935-v2_3p
459,chr19,53982324,53982384,Hsa-Mir-935-v1_pre,Hsa-Mir-935-v1,,,,53982362.0,53982384.0,Hsa-Mir-935-v1_3p
460,chr20,3917503,3917563,Hsa-Mir-103-P2_pre,Hsa-Mir-103-P2,,,,3917540.0,3917563.0,Hsa-Mir-103-P2_3p
461,chr20,34990407,34990466,Hsa-Mir-499_pre,Hsa-Mir-499,34990407.0,34990429.0,Hsa-Mir-499_5p,,,
462,chr20,45705108,45705171,Hsa-Mir-3617_pre,Hsa-Mir-3617,45705149.0,45705171.0,Hsa-Mir-3617_5p,,,
463,chr20,51452911,51452968,Hsa-Mir-3194_pre,Hsa-Mir-3194,51452946.0,51452968.0,Hsa-Mir-3194_5p,,,
464,chr20,58817625,58817681,Hsa-Mir-296_pre,Hsa-Mir-296,58817660.0,58817681.0,Hsa-Mir-296_5p,,,
465,chr20,62554311,62554372,Hsa-Mir-1-P3_pre,Hsa-Mir-1-P3,,,,62554350.0,62554372.0,Hsa-Mir-1-P3_3p
466,chr20,62564932,62564992,Hsa-Mir-133-P3-v2_pre,Hsa-Mir-133-P3-v2,,,,62564970.0,62564992.0,Hsa-Mir-133-P3-v2_3p
467,chr20,62564932,62564992,Hsa-Mir-133-P3-v1_pre,Hsa-Mir-133-P3-v1,,,,62564969.0,62564992.0,Hsa-Mir-133-P3-v1_3p
468,chr20,63178513,63178572,Hsa-Mir-124-P3-v2_pre,Hsa-Mir-124-P3-v2,,,,63178550.0,63178572.0,Hsa-Mir-124-P3-v2_3p
469,chr20,63178513,63178573,Hsa-Mir-124-P3-v1_pre,Hsa-Mir-124-P3-v1,,,,63178551.0,63178573.0,Hsa-Mir-124-P3-v1_3p
470,chr20,63941474,63941532,Hsa-Mir-1914_pre,Hsa-Mir-1914,63941509.0,63941532.0,Hsa-Mir-1914_5p,,,
471,chr21,16539100,16539159,Hsa-Mir-10-P2c_pre,Hsa-Mir-10-P2c,16539100.0,16539122.0,Hsa-Mir-10-P2c_5p,,,
472,chr21,16539837,16539904,Hsa-Let-7-P1c_pre,Hsa-Let-7-P1c,16539837.0,16539859.0,Hsa-Let-7-P1c_5p,,,
473,chr21,16590252,16590313,Hsa-Mir-10-P3c_pre,Hsa-Mir-10-P3c,16590252.0,16590274.0,Hsa-Mir-10-P3c_5p,,,
474,chr21,25573982,25574043,Hsa-Mir-155_pre,Hsa-Mir-155,25573982.0,25574006.0,Hsa-Mir-155_5p,,,
475,chr21,35720730,35720791,Hsa-Mir-459_pre,Hsa-Mir-459,35720730.0,35720754.0,Hsa-Mir-459_5p,,,
476,chr22,20033152,20033208,Hsa-Mir-185_pre,Hsa-Mir-185,20033152.0,20033174.0,Hsa-Mir-185_5p,,,
477,chr22,20086071,20086132,Hsa-Mir-1306_pre,Hsa-Mir-1306,20086071.0,20086093.0,Hsa-Mir-1306_5p,,,
478,chr22,20249144,20249200,Hsa-Mir-1286_pre,Hsa-Mir-1286,,,,20249144.0,20249165.0,Hsa-Mir-1286_3p
479,chr22,21652989,21653049,Hsa-Mir-130-P2a_pre,Hsa-Mir-130-P2a,,,,21653024.0,21653049.0,Hsa-Mir-130-P2a_3p
480,chr22,21653315,21653375,Hsa-Mir-130-P4a_pre,Hsa-Mir-130-P4a,21653315.0,21653337.0,Hsa-Mir-130-P4a_5p,,,
481,chr22,30731568,30731632,Hsa-Mir-3200_pre,Hsa-Mir-3200,,,,30731609.0,30731632.0,Hsa-Mir-3200_3p
482,chr22,35335669,35335731,Hsa-Mir-3909_pre,Hsa-Mir-3909,,,,35335709.0,35335731.0,Hsa-Mir-3909_3p
483,chr22,40813891,40813947,Hsa-Mir-4766_pre,Hsa-Mir-4766,40813925.0,40813947.0,Hsa-Mir-4766_5p,,,
484,chr22,41900948,41901009,Hsa-Mir-33-P3_pre,Hsa-Mir-33-P3,41900948.0,41900969.0,Hsa-Mir-33-P3_5p,,,
485,chr22,45200957,45201016,Hsa-Mir-1249_pre,Hsa-Mir-1249,,,,45200957.0,45200979.0,Hsa-Mir-1249_3p
486,chr22,46091058,46091112,Hsa-Mir-3619_pre,Hsa-Mir-3619,46091058.0,46091080.0,Hsa-Mir-3619_5p,,,
487,chr22,46112751,46112820,Hsa-Let-7-P2a2_pre,Hsa-Let-7-P2a2,46112751.0,46112773.0,Hsa-Let-7-P2a2_5p,,,
488,chr22,46113690,46113765,Hsa-Let-7-P2b2_pre,Hsa-Let-7-P2b2,46113690.0,46113712.0,Hsa-Let-7-P2b2_5p,,,
489,chrX,1293926,1293985,Hsa-Mir-3690_pre,Hsa-Mir-3690,1293926.0,1293950.0,Hsa-Mir-3690_5p,,,
490,chrX,8126979,8127039,Hsa-Mir-651_pre,Hsa-Mir-651,8126979.0,8127001.0,Hsa-Mir-651_5p,,,
491,chrX,45746179,45746242,Hsa-Mir-221-P2a_pre,Hsa-Mir-221-P2a,45746216.0,45746242.0,Hsa-Mir-221-P2a_5p,,,
492,chrX,45747032,45747096,Hsa-Mir-221-P1a_pre,Hsa-Mir-221-P1a,,,,45747032.0,45747056.0,Hsa-Mir-221-P1a_3p
493,chrX,50003166,50003225,Hsa-Mir-188-P2_pre,Hsa-Mir-188-P2,50003166.0,50003188.0,Hsa-Mir-188-P2_5p,,,
494,chrX,50003516,50003576,Hsa-Mir-188-P1_pre,Hsa-Mir-188-P1,50003516.0,50003538.0,Hsa-Mir-188-P1_5p,,,
495,chrX,50008442,50008504,Hsa-Mir-362-P2-v1_pre,Hsa-Mir-362-P2-v1,,,,50008480.0,50008504.0,Hsa-Mir-362-P2-v1_3p
496,chrX,50008442,50008504,Hsa-Mir-362-P2-v2_pre,Hsa-Mir-362-P2-v2,,,,50008481.0,50008504.0,Hsa-Mir-362-P2-v2_3p
497,chrX,50008967,50009026,Hsa-Mir-362-P1_pre,Hsa-Mir-362-P1,50008967.0,50008993.0,Hsa-Mir-362-P1_5p,,,
498,chrX,50009734,50009794,Hsa-Mir-362-P3_pre,Hsa-Mir-362-P3,,,,50009771.0,50009794.0,Hsa-Mir-362-P3_3p
499,chrX,50010680,50010742,Hsa-Mir-362-P5_pre,Hsa-Mir-362-P5,50010680.0,50010705.0,Hsa-Mir-362-P5_5p,,,
500,chrX,50013255,50013314,Hsa-Mir-188-P3_pre,Hsa-Mir-188-P3,50013255.0,50013278.0,Hsa-Mir-188-P3_5p,,,
501,chrX,50014611,50014671,Hsa-Mir-362-P4_pre,Hsa-Mir-362-P4,,,,50014648.0,50014671.0,Hsa-Mir-362-P4_3p
502,chrX,53556241,53556320,Hsa-Let-7-P2b3_pre,Hsa-Let-7-P2b3,53556298.0,53556320.0,Hsa-Let-7-P2b3_5p,,,
503,chrX,53557196,53557267,Hsa-Let-7-P2a3_pre,Hsa-Let-7-P2a3,53557245.0,53557267.0,Hsa-Let-7-P2a3_5p,,,
504,chrX,66018894,66018959,Hsa-Mir-223_pre,Hsa-Mir-223,,,,66018936.0,66018959.0,Hsa-Mir-223_3p
505,chrX,70022863,70022919,Hsa-Mir-676_pre,Hsa-Mir-676,,,,70022898.0,70022919.0,Hsa-Mir-676_3p
506,chrX,74218391,74218448,Hsa-Mir-95-P2_pre,Hsa-Mir-95-P2,,,,74218391.0,74218414.0,Hsa-Mir-95-P2_3p
507,chrX,74218556,74218608,Hsa-Mir-374-P2_pre,Hsa-Mir-374-P2,74218586.0,74218608.0,Hsa-Mir-374-P2_5p,,,
508,chrX,74287124,74287187,Hsa-Mir-95-P3-v1_pre,Hsa-Mir-95-P3-v1,74287164.0,74287187.0,Hsa-Mir-95-P3-v1_5p,,,
509,chrX,74287125,74287185,Hsa-Mir-95-P3-v2_pre,Hsa-Mir-95-P3-v2,74287163.0,74287185.0,Hsa-Mir-95-P3-v2_5p,,,
510,chrX,74287294,74287346,Hsa-Mir-374-P1_pre,Hsa-Mir-374-P1,74287324.0,74287346.0,Hsa-Mir-374-P1_5p,,,
511,chrX,77005426,77005486,Hsa-Mir-325_pre,Hsa-Mir-325,,,,77005426.0,77005448.0,Hsa-Mir-325_3p
512,chrX,85903638,85903702,Hsa-Mir-361-v1_pre,Hsa-Mir-361-v1,85903680.0,85903702.0,Hsa-Mir-361-v1_5p,,,
513,chrX,85903639,85903701,Hsa-Mir-361-v2_pre,Hsa-Mir-361-v2,,,,85903639.0,85903663.0,Hsa-Mir-361-v2_3p
514,chrX,110055347,110055409,Hsa-Mir-652_pre,Hsa-Mir-652,,,,110055388.0,110055409.0,Hsa-Mir-652_3p
515,chrX,114651555,114651610,Hsa-Mir-1912_pre,Hsa-Mir-1912,,,,114651588.0,114651610.0,Hsa-Mir-1912_3p
516,chrX,114652654,114652717,Hsa-Mir-95-P4_pre,Hsa-Mir-95-P4,114652654.0,114652676.0,Hsa-Mir-95-P4_5p,,,
517,chrX,114715249,114715325,Hsa-Mir-1298_pre,Hsa-Mir-1298,114715249.0,114715271.0,Hsa-Mir-1298_5p,,,
518,chrX,114763194,114763253,Hsa-Mir-1911_pre,Hsa-Mir-1911,114763194.0,114763217.0,Hsa-Mir-1911_5p,,,
519,chrX,114823464,114823543,Hsa-Mir-448_pre,Hsa-Mir-448,114823464.0,114823486.0,Hsa-Mir-448_5p,,,
520,chrX,118386403,118386461,Hsa-Mir-1277_pre,Hsa-Mir-1277,118386403.0,118386425.0,Hsa-Mir-1277_5p,,,
521,chrX,119646762,119646820,Hsa-Mir-766_pre,Hsa-Mir-766,,,,119646762.0,119646784.0,Hsa-Mir-766_3p
522,chrX,134169381,134169446,Hsa-Mir-92-P2c_pre,Hsa-Mir-92-P2c,,,,134169381.0,134169403.0,Hsa-Mir-92-P2c_3p
523,chrX,134169543,134169604,Hsa-Mir-92-P1c_pre,Hsa-Mir-92-P1c,,,,134169543.0,134169565.0,Hsa-Mir-92-P1c_3p
524,chrX,134169682,134169748,Hsa-Mir-19-P2c_pre,Hsa-Mir-19-P2c,,,,134169682.0,134169705.0,Hsa-Mir-19-P2c_3p
525,chrX,134169811,134169872,Hsa-Mir-17-P4c_pre,Hsa-Mir-17-P4c,134169849.0,134169872.0,Hsa-Mir-17-P4c_5p,,,
526,chrX,134170041,134170106,Hsa-Mir-17-P2c_pre,Hsa-Mir-17-P2c,134170082.0,134170106.0,Hsa-Mir-17-P2c_5p,,,
527,chrX,134170207,134170266,Hsa-Mir-17-P1c_pre,Hsa-Mir-17-P1c,134170243.0,134170266.0,Hsa-Mir-17-P1c_5p,,,
528,chrX,134540194,134540252,Hsa-Mir-450-P3_pre,Hsa-Mir-450-P3,134540229.0,134540252.0,Hsa-Mir-450-P3_5p,,,
529,chrX,134540357,134540414,Hsa-Mir-450-P2_pre,Hsa-Mir-450-P2,134540392.0,134540414.0,Hsa-Mir-450-P2_5p,,,
530,chrX,134540528,134540585,Hsa-Mir-450-P1_pre,Hsa-Mir-450-P1,134540563.0,134540585.0,Hsa-Mir-450-P1_5p,,,
531,chrX,134541363,134541422,Hsa-Mir-542-v1_pre,Hsa-Mir-542-v1,,,,134541363.0,134541385.0,Hsa-Mir-542-v1_3p
532,chrX,134541364,134541421,Hsa-Mir-542-v2_pre,Hsa-Mir-542-v2,,,,134541364.0,134541386.0,Hsa-Mir-542-v2_3p
533,chrX,134546330,134546393,Hsa-Mir-15-P2c_pre,Hsa-Mir-15-P2c,134546370.0,134546393.0,Hsa-Mir-15-P2c_5p,,,
534,chrX,134546642,134546701,Hsa-Mir-15-P1c_pre,Hsa-Mir-15-P1c,134546679.0,134546701.0,Hsa-Mir-15-P1c_5p,,,
535,chrX,136550891,136550948,Hsa-Mir-934_pre,Hsa-Mir-934,136550891.0,136550913.0,Hsa-Mir-934_5p,,,
536,chrX,138667722,138667781,Hsa-Mir-504-v1_pre,Hsa-Mir-504-v1,138667759.0,138667781.0,Hsa-Mir-504-v1_5p,,,
537,chrX,138667723,138667780,Hsa-Mir-504-v2_pre,Hsa-Mir-504-v2,138667759.0,138667780.0,Hsa-Mir-504-v2_5p,,,
538,chrX,139924158,139924217,Hsa-Mir-505-v2_pre,Hsa-Mir-505-v2,139924195.0,139924217.0,Hsa-Mir-505-v2_5p,,,
539,chrX,139924158,139924217,Hsa-Mir-505-v1_pre,Hsa-Mir-505-v1,139924194.0,139924217.0,Hsa-Mir-505-v1_5p,,,
540,chrX,145992759,145992816,Hsa-Mir-506-P13_pre,Hsa-Mir-506-P13,145992794.0,145992816.0,Hsa-Mir-506-P13_5p,,,
541,chrX,145994284,145994341,Hsa-Mir-506-P10_pre,Hsa-Mir-506-P10,145994319.0,145994341.0,Hsa-Mir-506-P10_5p,,,
542,chrX,145994793,145994850,Hsa-Mir-506-P9_pre,Hsa-Mir-506-P9,145994828.0,145994850.0,Hsa-Mir-506-P9_5p,,,
543,chrX,145996677,145996734,Hsa-Mir-506-P11_pre,Hsa-Mir-506-P11,,,,145996677.0,145996699.0,Hsa-Mir-506-P11_3p
544,chrX,145997207,145997264,Hsa-Mir-506-P12_pre,Hsa-Mir-506-P12,,,,145997207.0,145997229.0,Hsa-Mir-506-P12_3p
545,chrX,147189716,147189774,Hsa-Mir-506-P6c_pre,Hsa-Mir-506-P6c,147189751.0,147189774.0,Hsa-Mir-506-P6c_5p,,,
546,chrX,147199056,147199114,Hsa-Mir-506-P6b_pre,Hsa-Mir-506-P6b,147199092.0,147199114.0,Hsa-Mir-506-P6b_5p,,,
547,chrX,147213497,147213555,Hsa-Mir-506-P6a2_pre,Hsa-Mir-506-P6a2,147213532.0,147213555.0,Hsa-Mir-506-P6a2_5p,,,
548,chrX,147225859,147225917,Hsa-Mir-506-P6a1_pre,Hsa-Mir-506-P6a1,147225894.0,147225917.0,Hsa-Mir-506-P6a1_5p,,,
549,chrX,147230752,147230809,Hsa-Mir-506-P1_pre,Hsa-Mir-506-P1,147230787.0,147230809.0,Hsa-Mir-506-P1_5p,,,
550,chrX,147231001,147231059,Hsa-Mir-506-P2_pre,Hsa-Mir-506-P2,,,,147231001.0,147231022.0,Hsa-Mir-506-P2_3p
551,chrX,147236944,147237002,Hsa-Mir-506-P3_pre,Hsa-Mir-506-P3,,,,147236944.0,147236967.0,Hsa-Mir-506-P3_3p
552,chrX,147250160,147250218,Hsa-Mir-506-P8_pre,Hsa-Mir-506-P8,147250196.0,147250218.0,Hsa-Mir-506-P8_5p,,,
553,chrX,147255307,147255368,Hsa-Mir-506-P29_pre,Hsa-Mir-506-P29,,,,147255307.0,147255330.0,Hsa-Mir-506-P29_3p
554,chrX,147258773,147258831,Hsa-Mir-506-P4a2_pre,Hsa-Mir-506-P4a2,,,,147258773.0,147258796.0,Hsa-Mir-506-P4a2_3p
555,chrX,147259660,147259717,Hsa-Mir-506-P4b_pre,Hsa-Mir-506-P4b,,,,147259660.0,147259683.0,Hsa-Mir-506-P4b_3p
556,chrX,147260548,147260606,Hsa-Mir-506-P4a1_pre,Hsa-Mir-506-P4a1,,,,147260548.0,147260571.0,Hsa-Mir-506-P4a1_3p
557,chrX,147272341,147272399,Hsa-Mir-506-P5_pre,Hsa-Mir-506-P5,147272376.0,147272399.0,Hsa-Mir-506-P5_5p,,,
558,chrX,147279265,147279323,Hsa-Mir-506-P7a_pre,Hsa-Mir-506-P7a,,,,147279265.0,147279286.0,Hsa-Mir-506-P7a_3p
559,chrX,147281956,147282014,Hsa-Mir-506-P7c_pre,Hsa-Mir-506-P7c,,,,147281956.0,147281977.0,Hsa-Mir-506-P7c_3p
560,chrX,147284654,147284712,Hsa-Mir-506-P7b_pre,Hsa-Mir-506-P7b,,,,147284654.0,147284675.0,Hsa-Mir-506-P7b_3p
561,chrX,150228015,150228074,Hsa-Mir-2114_pre,Hsa-Mir-2114,150228015.0,150228037.0,Hsa-Mir-2114_5p,,,
562,chrX,151958582,151958651,Hsa-Mir-224_pre,Hsa-Mir-224,151958627.0,151958651.0,Hsa-Mir-224_5p,,,
563,chrX,151959638,151959699,Hsa-Mir-452-v1_pre,Hsa-Mir-452-v1,151959675.0,151959699.0,Hsa-Mir-452-v1_5p,,,
564,chrX,151959639,151959696,Hsa-Mir-452-v2_pre,Hsa-Mir-452-v2,151959674.0,151959696.0,Hsa-Mir-452-v2_5p,,,
565,chrX,152392228,152392287,Hsa-Mir-105-P2_pre,Hsa-Mir-105-P2,152392263.0,152392287.0,Hsa-Mir-105-P2_5p,,,
566,chrX,152394421,152394480,Hsa-Mir-105-P1_pre,Hsa-Mir-105-P1,152394456.0,152394480.0,Hsa-Mir-105-P1_5p,,,
